timestamp,label,node,avg_cpu,avg_mem,net_bytes_in,net_bytes_out,net_internal_bytes_in,net_internal_bytes_out,net_drop_rate,last_successful_scrape_age_sec,exec_count,unique_process_count,tmp_exec_count,outbound_connect_count,mining_port_count,syscall_feature_vector
1776414285,normal,k3s-wk1,0.25077777777781496,0.6194050321550849,0.0,0.0,8875.233333333334,6195.0,0.0,0,0,0,0,0,0,{}
1776414285,normal,sw-wk2,0.17366666666665787,0.2852555525822853,81.2,71.06666666666666,6663.733333333334,4407.133333333333,0.0,0,0,0,0,0,0,{}
1776414285,normal,sw-wk3,0.14877777777777135,0.39588350726964583,156.13333333333333,80.00000000000001,4002.6666666666665,6713.933333333333,0.0,0,0,0,0,0,0,{}
1776414295,normal,k3s-wk1,0.25077777777781496,0.6194050321550849,0.0,0.0,8875.233333333334,6195.0,0.0,0,12,2,0,8,0,"{""process_exit"": 12, ""process_exec"": 12, ""process_kprobe"": 8}"
1776414295,normal,sw-wk2,0.11811111111112238,0.28726728850491223,111.0,100.86666666666666,793.4666666666667,3743.9666666666667,0.0,0,0,0,0,0,0,{}
1776414295,normal,sw-wk3,0.14877777777777135,0.39588350726964583,156.13333333333333,80.0,4002.6666666666665,6713.933333333333,0.0,0,0,0,0,0,0,{}
1776414305,normal,k3s-wk1,0.25077777777781496,0.6194050321550849,0.0,0.0,8875.233333333334,6195.0,0.0,0,15,2,0,10,0,"{""process_exit"": 15, ""process_exec"": 15, ""process_kprobe"": 10}"
1776414305,normal,sw-wk2,0.11811111111112238,0.28726728850491223,111.0,100.86666666666666,793.4666666666667,3743.9666666666667,0.0,0,0,0,0,0,0,{}
1776414305,normal,sw-wk3,0.1447777777777648,0.403012984696153,154.0,78.00000000000001,1936.3,5194.733333333334,0.0,0,1,1,0,0,0,"{""process_exit"": 11, ""process_exec"": 1}"
1776414315,normal,k3s-wk1,0.327444444444417,0.6409264186448695,292.46666666666664,277.26666666666665,34892.23333333333,11522.033333333333,0.0,0,42,3,0,34,0,"{""process_exit"": 42, ""process_exec"": 42, ""process_kprobe"": 34}"
1776414315,normal,sw-wk2,0.11811111111112238,0.28726728850491223,111.0,100.86666666666666,793.4666666666667,3743.9666666666667,0.0,0,106,7,0,0,0,"{""process_exec"": 106, ""process_exit"": 106}"
1776414315,normal,sw-wk3,0.1447777777777648,0.403012984696153,154.0,78.0,1936.3,5194.7333333333345,0.0,0,0,0,0,0,0,{}
1776414325,normal,k3s-wk1,0.327444444444417,0.6409264186448695,292.46666666666664,277.26666666666665,34892.23333333333,11522.033333333333,0.0,0,12,2,0,8,0,"{""process_exit"": 12, ""process_exec"": 12, ""process_kprobe"": 8}"
1776414325,normal,sw-wk2,0.22944444444444034,0.28251111790715755,111.0,100.86666666666666,5800.566666666667,27839.5,0.0,0,0,0,0,0,0,{}
1776414325,normal,sw-wk3,0.1447777777777648,0.403012984696153,154.0,78.0,1936.3,5194.733333333334,0.0,0,0,0,0,0,0,{}
1776414335,normal,k3s-wk1,0.327444444444417,0.6409264186448695,292.46666666666664,277.26666666666665,34892.23333333333,11522.033333333333,0.0,0,12,2,0,8,0,"{""process_exit"": 12, ""process_exec"": 12, ""process_kprobe"": 8}"
1776414335,normal,sw-wk2,0.22944444444444034,0.28251111790715755,111.0,100.86666666666666,5800.566666666667,27839.5,0.0,0,0,0,0,0,0,{}
1776414335,normal,sw-wk3,0.15988888888892283,0.40352268817615355,156.13333333333333,80.0,4782.566666666667,6932.633333333333,0.0,0,0,0,0,0,0,{}
1776414346,normal,k3s-wk1,0.268073192680761,0.639589868862341,223.81095223810954,208.64580208645802,8799.7200279972,1762.923707629237,0.0,0,12,2,0,8,0,"{""process_exit"": 12, ""process_exec"": 12, ""process_kprobe"": 8}"
1776414346,normal,sw-wk2,0.22944444444444034,0.28251111790715755,111.0,100.86666666666666,5800.566666666667,27839.5,0.0,0,0,0,0,0,0,{}
1776414346,normal,sw-wk3,0.1598888888889226,0.40352268817615355,156.13333333333333,80.0,4782.566666666667,6932.633333333333,0.0,0,0,0,0,0,0,{}
1776414356,normal,k3s-wk1,0.268073192680761,0.639589868862341,223.81095223810954,208.64580208645802,8799.7200279972,1762.923707629237,0.0,0,36,3,0,30,0,"{""process_exit"": 36, ""process_exec"": 36, ""process_kprobe"": 30}"
1776414356,normal,sw-wk2,0.1332222222221996,0.2857843699427858,116.06666666666666,100.86666666666666,694.4333333333333,3669.233333333333,0.0,0,0,0,0,0,0,{}
1776414356,normal,sw-wk3,0.15988888888892283,0.40352268817615355,156.13333333333333,80.0,4782.566666666667,6932.633333333333,0.0,0,1,1,0,0,0,"{""process_exit"": 11, ""process_exec"": 1}"
1776414366,normal,k3s-wk1,0.268073192680761,0.639589868862341,223.81095223810954,208.64580208645802,8799.7200279972,1762.923707629237,0.0,0,9,2,0,6,0,"{""process_exit"": 9, ""process_exec"": 9, ""process_kprobe"": 6}"
1776414366,normal,sw-wk2,0.1332222222221996,0.2857843699427858,116.06666666666666,100.86666666666666,694.4333333333333,3669.233333333333,0.0,0,2,2,0,0,0,"{""process_exec"": 2}"
1776414366,normal,sw-wk3,0.1925555555555749,0.41107426379703604,104.8,54.0,2048.0333333333333,6791.7,0.0,0,0,0,0,0,0,{}
1776414376,normal,k3s-wk1,0.3460457156826551,0.6417719218434453,218.8218821882188,208.68753542020872,34814.38143814381,9658.165816581657,0.0,0,60,3,0,52,0,"{""process_exit"": 60, ""process_exec"": 60, ""process_kprobe"": 52}"
1776414376,normal,sw-wk2,0.1332222222221996,0.2857843699427858,116.06666666666666,100.86666666666666,694.4333333333333,3669.233333333333,0.0,0,104,5,0,0,0,"{""process_exit"": 106, ""process_exec"": 104}"
1776414376,normal,sw-wk3,0.1925555555555749,0.41107426379703604,104.8,54.0,2048.0333333333333,6791.7,0.0,0,0,0,0,0,0,{}
1776414386,normal,k3s-wk1,0.3460457156826551,0.6417719218434453,218.8218821882188,208.6875354202087,34814.38143814381,9658.165816581657,0.0,0,12,2,0,8,0,"{""process_exit"": 12, ""process_exec"": 12, ""process_kprobe"": 8}"
1776414386,normal,sw-wk2,0.20832777851845774,0.2835974234489086,113.18490867884283,97.98693507532329,5612.618317557659,28013.931475803227,0.0,0,0,0,0,0,0,{}
1776414386,normal,sw-wk3,0.1925555555555749,0.41107426379703604,104.8,54.0,2048.0333333333333,6791.7,0.0,0,1,1,0,0,0,"{""process_exit"": 9, ""process_exec"": 1}"
1776414396,normal,k3s-wk1,0.3460457156826551,0.6417719218434453,218.8218821882188,208.6875354202087,34814.38143814381,9658.165816581657,0.0,0,12,2,0,8,0,"{""process_exit"": 12, ""process_exec"": 12, ""process_kprobe"": 8}"
1776414396,normal,sw-wk2,0.20832777851845774,0.2835974234489086,113.18490867884283,97.98693507532329,5612.618317557659,28013.931475803227,0.0,0,0,0,0,0,0,{}
1776414396,normal,sw-wk3,0.15558518024771384,0.4056507002051557,153.97433761039824,77.98700216630561,3312.9145142476254,6551.274787535411,0.0,0,0,0,0,0,0,{}
1776414407,normal,k3s-wk1,0.26722222222225434,0.6488091273707108,205.79999999999998,205.79999999999998,10185.933333333332,1900.0,0.0,0,30,3,0,26,0,"{""process_exit"": 30, ""process_exec"": 30, ""process_kprobe"": 26}"
1776414407,normal,sw-wk2,0.20832777851845774,0.2835974234489086,113.18490867884283,97.98693507532329,5612.618317557659,28013.931475803227,0.0,0,0,0,0,0,0,{}
1776414407,normal,sw-wk3,0.15558518024771384,0.4056507002051557,153.97433761039824,77.98700216630561,3312.9145142476254,6551.274787535411,0.0,0,1,1,0,0,0,"{""process_exit"": 5, ""process_exec"": 1}"
1776414416,normal,k3s-wk1,0.26722222222225456,0.6488091273707108,205.79999999999998,205.79999999999998,10185.933333333332,1900.0000000000005,0.0,0,54,3,0,48,0,"{""process_exit"": 54, ""process_exec"": 54, ""process_kprobe"": 48}"
1776414416,normal,sw-wk2,0.14621949593277173,0.2774443467512775,78.34377917055608,68.20909454593945,664.6552873716495,3679.757300973463,0.0,0,0,0,0,0,0,{}
1776414416,normal,sw-wk3,0.15558518024771384,0.4056507002051557,153.97433761039827,77.98700216630561,3312.9145142476254,6551.274787535411,0.0,0,0,0,0,0,0,{}
1776414426,normal,k3s-wk1,0.26722222222225456,0.6488091273707108,205.79999999999998,205.79999999999998,10185.933333333332,1900.0,0.0,0,15,2,0,10,0,"{""process_exit"": 15, ""process_exec"": 15, ""process_kprobe"": 10}"
1776414426,normal,sw-wk2,0.14621949593277173,0.2774443467512775,78.34377917055608,68.20909454593945,664.6552873716495,3679.757300973463,0.0,0,2,2,0,0,0,"{""process_exec"": 2}"
1776414426,normal,sw-wk3,0.1536367172306511,0.3975719000471476,156.15935989331552,80.01333555592598,2305.784297382897,5990.998499749958,0.0,0,0,0,0,0,0,{}
1776414436,normal,k3s-wk1,0.29888888888886467,0.6476656096935982,218.79999999999998,208.66666666666666,11431.833333333334,4590.666666666667,0.0,0,36,3,0,30,0,"{""process_exit"": 37, ""process_exec"": 36, ""process_kprobe"": 30}"
1776414436,normal,sw-wk2,0.14621949593277173,0.2774443467512775,78.34377917055608,68.20909454593945,664.6552873716495,3679.757300973463,0.0,0,0,0,0,0,0,{}
1776414436,normal,sw-wk3,0.1536367172306513,0.3975719000471476,156.15935989331552,80.01333555592598,2305.784297382897,5990.998499749958,0.0,0,1,1,0,0,0,"{""process_exit"": 9, ""process_exec"": 1}"
1776414446,normal,k3s-wk1,0.29888888888886467,0.6476656096935982,218.79999999999998,208.66666666666666,11431.833333333334,4590.666666666667,0.0,0,33,3,0,28,0,"{""process_exit"": 33, ""process_exec"": 33, ""process_kprobe"": 28}"
1776414446,normal,sw-wk2,0.20841249208412493,0.2811842960357812,100.85658100856581,100.85658100856581,5287.0712928707135,27927.340599273408,0.0,0,104,5,0,0,0,"{""process_exit"": 106, ""process_exec"": 104}"
1776414446,normal,sw-wk3,0.1536367172306513,0.3975719000471476,156.15935989331552,80.01333555592598,2305.784297382897,5990.998499749958,0.0,0,0,0,0,0,0,{}
1776414456,normal,k3s-wk1,0.29888888888886467,0.6476656096935982,218.79999999999998,208.66666666666666,11431.833333333334,4590.666666666667,0.0,0,36,3,0,30,0,"{""process_exit"": 36, ""process_exec"": 36, ""process_kprobe"": 30}"
1776414456,normal,sw-wk2,0.20841249208412493,0.2811842960357812,100.85658100856581,100.85658100856581,5287.0712928707135,27927.340599273408,0.0,0,0,0,0,0,0,{}
1776414456,normal,sw-wk3,0.1496666666666796,0.40409769741452906,154.0,78.0,2832.5666666666666,6451.433333333333,0.0,0,0,0,0,0,0,"{""process_exit"": 15}"
1776414466,normal,k3s-wk1,0.29600622118536946,0.6551735426358252,226.06232294617564,210.76487252124647,35310.048325279124,6781.836360606566,0.0,0,39,3,0,32,0,"{""process_exit"": 39, ""process_exec"": 39, ""process_kprobe"": 32}"
1776414466,normal,sw-wk2,0.20841249208412493,0.2811842960357812,100.85658100856581,100.85658100856581,5287.0712928707135,27927.340599273408,0.0,0,0,0,0,0,0,{}
1776414466,normal,sw-wk3,0.1496666666666796,0.40409769741452906,154.0,78.0,2832.5666666666666,6451.433333333334,0.0,0,1,1,0,0,0,"{""process_exit"": 4, ""process_exec"": 1}"
1776414476,normal,k3s-wk1,0.29600622118536934,0.6551735426358252,226.06232294617564,210.76487252124647,35310.048325279124,6781.836360606566,0.0,0,39,3,0,32,0,"{""process_exit"": 39, ""process_exec"": 39, ""process_kprobe"": 32}"
1776414476,normal,sw-wk2,0.1338022691158126,0.28002949908890507,110.97776444311097,100.87675434210087,1268.093476014268,3717.0383705037175,0.0,0,0,0,0,0,0,{}
1776414476,normal,sw-wk3,0.1496666666666796,0.40409769741452906,154.0,78.0,2832.5666666666666,6451.433333333333,0.0,0,101,4,0,0,0,"{""process_exec"": 101, ""process_exit"": 55}"
1776414486,normal,k3s-wk1,0.29600622118536934,0.6551735426358252,226.06232294617564,210.76487252124647,35310.048325279124,6781.836360606566,0.0,0,15,2,0,10,0,"{""process_exit"": 15, ""process_exec"": 15, ""process_kprobe"": 10}"
1776414486,normal,sw-wk2,0.1338022691158126,0.28002949908890507,110.97776444311097,100.87675434210087,1268.093476014268,3717.038370503717,0.0,0,2,2,0,0,0,"{""process_exec"": 2}"
1776414486,normal,sw-wk3,0.2156666666666246,0.4058131681894058,753.7666666666667,370.6333333333333,5873.3,42060.03333333333,0.0,0,150,4,0,0,0,"{""process_exit"": 84, ""process_exec"": 150}"
1776414496,normal,k3s-wk1,0.3027726843362606,0.655358672842189,223.90398399733292,208.70145024170694,86902.98383063845,9046.64110685114,0.0,0,57,3,0,50,0,"{""process_exit"": 57, ""process_exec"": 57, ""process_kprobe"": 50}"
1776414496,normal,sw-wk2,0.1338022691158126,0.28002949908890507,110.97776444311097,100.87675434210087,1268.093476014268,3717.038370503717,0.0,0,104,5,0,0,0,"{""process_exit"": 104, ""process_exec"": 104}"
1776414496,normal,sw-wk3,0.2156666666666246,0.4058131681894058,753.7666666666667,370.6333333333333,5873.3,42060.03333333333,0.0,0,101,4,0,0,0,"{""process_exit"": 63, ""process_exec"": 101}"
1776414506,normal,k3s-wk1,0.3027726843362606,0.655358672842189,223.90398399733292,208.70145024170694,86902.98383063843,9046.641106851142,0.0,0,81,3,0,72,0,"{""process_exit"": 81, ""process_exec"": 81, ""process_kprobe"": 72}"
1776414506,normal,sw-wk2,0.22622222222220834,0.28152993870815657,113.16666666666669,98.0,5431.6,27935.266666666674,0.0,0,0,0,0,0,0,"{""process_exit"": 2}"
1776414506,normal,sw-wk3,0.2156666666666246,0.4058131681894058,753.7666666666667,370.6333333333333,5873.3,42060.03333333333,0.0,0,120,4,0,0,0,"{""process_exit"": 58, ""process_exec"": 120}"
1776414516,normal,k3s-wk1,0.3027726843362606,0.655358672842189,223.90398399733286,208.70145024170694,86902.98383063843,9046.64110685114,0.0,0,75,3,0,68,0,"{""process_exit"": 75, ""process_exec"": 75, ""process_kprobe"": 68}"
1776414516,normal,sw-wk2,0.22622222222220845,0.28152993870815657,113.16666666666667,98.0,5431.6,27935.266666666666,0.0,0,0,0,0,0,0,{}
1776414516,normal,sw-wk3,0.18249894451483117,0.4068708029104069,159.98933404439703,84.59436037597493,3482.23451769882,52348.710085994266,0.0,0,81,4,0,0,0,"{""process_exec"": 81, ""process_exit"": 65}"
1776414526,normal,k3s-wk1,0.29844444444445095,0.6469047696991521,223.86666666666667,208.66666666666666,52632.0,7085.566666666668,0.0,0,12,2,0,8,0,"{""process_exit"": 12, ""process_exec"": 12, ""process_kprobe"": 8}"
1776414526,normal,sw-wk2,0.22622222222220845,0.28152993870815657,113.16666666666667,98.0,5431.6,27935.266666666666,0.0,0,0,0,0,0,0,{}
1776414526,normal,sw-wk3,0.18249894451483117,0.4068708029104069,159.98933404439703,84.59436037597493,3482.23451769882,52348.710085994266,0.0,0,100,4,0,0,0,"{""process_exit"": 56, ""process_exec"": 100}"
1776414536,normal,k3s-wk1,0.29844444444445095,0.6469047696991521,223.8666666666667,208.66666666666666,52632.0,7085.566666666667,0.0,0,33,3,0,28,0,"{""process_exit"": 33, ""process_exec"": 33, ""process_kprobe"": 28}"
1776414536,normal,sw-wk2,0.11644444444443958,0.2805137173949055,116.06666666666669,100.86666666666666,802.6666666666666,3697.633333333333,0.0,0,0,0,0,0,0,{}
1776414536,normal,sw-wk3,0.18249894451483117,0.4068708029104069,159.98933404439703,84.59436037597493,3482.23451769882,52348.710085994266,0.0,0,100,4,0,0,0,"{""process_exit"": 56, ""process_exec"": 100}"
1776414546,normal,k3s-wk1,0.29844444444445095,0.6469047696991521,223.86666666666667,208.66666666666666,52632.0,7085.566666666667,0.0,0,12,2,0,8,0,"{""process_exit"": 12, ""process_exec"": 12, ""process_kprobe"": 8}"
1776414546,normal,sw-wk2,0.11644444444443958,0.2805137173949055,116.06666666666666,100.86666666666666,802.6666666666669,3697.633333333333,0.0,0,0,0,0,0,0,{}
1776414546,normal,sw-wk3,0.17602746575114325,0.4084747760490335,156.12812906236456,79.99733342221924,2525.349155028165,55313.85620479316,0.0,0,125,4,0,0,0,"{""process_exit"": 70, ""process_exec"": 125}"
1776414557,normal,k3s-wk1,0.28211111111106424,0.6520342310266938,221.0,205.79999999999998,68899.46666666666,5253.1,0.0,0,12,2,0,8,0,"{""process_exit"": 12, ""process_exec"": 12, ""process_kprobe"": 8}"
1776414557,normal,sw-wk2,0.11644444444443958,0.2805137173949055,116.06666666666666,100.86666666666666,802.6666666666666,3697.633333333333,0.0,0,52,5,0,0,0,"{""process_exec"": 52, ""process_exit"": 51}"
1776414557,normal,sw-wk3,0.17602746575114325,0.4084747760490335,156.12812906236456,79.99733342221924,2525.349155028165,55313.85620479316,0.0,0,151,4,0,0,0,"{""process_exit"": 105, ""process_exec"": 151}"
1776414566,normal,k3s-wk1,0.28211111111106424,0.6520342310266938,221.0,205.79999999999998,68899.46666666666,5253.1,0.0,0,36,3,0,30,0,"{""process_exit"": 36, ""process_exec"": 36, ""process_kprobe"": 30}"
1776414566,normal,sw-wk2,0.26033333333333664,0.28387457471615885,68.2,68.2,6934.633333333333,16060.9,0.0,0,0,0,0,0,0,"{""process_exit"": 1}"
1776414566,normal,sw-wk3,0.17602746575114336,0.4084747760490335,156.12812906236456,79.99733342221924,2525.349155028165,55313.85620479316,0.0,0,76,4,0,0,0,"{""process_exit"": 57, ""process_exec"": 76}"
1776414576,normal,k3s-wk1,0.28211111111106424,0.6520342310266938,221.0,205.79999999999998,68899.46666666666,5253.1,0.0,0,39,3,0,32,0,"{""process_exit"": 39, ""process_exec"": 39, ""process_kprobe"": 32}"
1776414576,normal,sw-wk2,0.2603333333333364,0.28387457471615885,68.2,68.2,6934.633333333333,16060.9,0.0,0,0,0,0,0,0,{}
1776414576,normal,sw-wk3,0.18036248069249117,0.4047125272372797,104.8104810481048,54.005400540054005,6573.557355735573,63226.822682268226,0.0,0,137,4,0,0,0,"{""process_exit"": 72, ""process_exec"": 137}"
1776414586,normal,k3s-wk1,0.3236666666667183,0.6538460235950705,223.73333333333338,208.66666666666666,74446.93333333333,11893.166666666666,0.0,0,39,3,0,32,0,"{""process_exit"": 39, ""process_exec"": 39, ""process_kprobe"": 32}"
1776414586,normal,sw-wk2,0.26033333333333664,0.28387457471615885,68.2,68.2,6934.633333333333,16060.9,0.0,0,0,0,0,0,0,{}
1776414586,normal,sw-wk3,0.18036248069249117,0.4047125272372797,104.8104810481048,54.005400540054005,6573.557355735573,63226.822682268226,0.0,0,114,4,0,0,0,"{""process_exec"": 114, ""process_exit"": 73}"
1776414596,normal,k3s-wk1,0.3236666666667184,0.6538460235950705,223.73333333333332,208.6666666666667,74446.93333333333,11893.166666666666,0.0,0,36,3,0,30,0,"{""process_exit"": 36, ""process_exec"": 36, ""process_kprobe"": 30}"
1776414596,normal,sw-wk2,0.1167777777777802,0.28237413509690734,108.13333333333333,98.00000000000001,1101.8333333333333,3789.9666666666667,0.0,0,0,0,0,0,0,{}
1776414596,normal,sw-wk3,0.18036248069249117,0.4047125272372797,104.8104810481048,54.005400540054005,6573.557355735573,63226.822682268226,0.0,0,125,4,0,0,0,"{""process_exit"": 70, ""process_exec"": 125}"
1776414606,normal,k3s-wk1,0.3236666666667184,0.6538460235950705,223.73333333333332,208.66666666666666,74446.93333333333,11893.166666666666,0.0,0,18,2,0,12,0,"{""process_exit"": 18, ""process_exec"": 18, ""process_kprobe"": 12}"
1776414606,normal,sw-wk2,0.1167777777777802,0.28237413509690734,108.13333333333333,98.0,1101.8333333333333,3789.9666666666667,0.0,0,2,2,0,0,0,"{""process_exec"": 2}"
1776414606,normal,sw-wk3,0.20777777777778594,0.4060361634619061,154.0,78.0,3944.5666666666666,59256.166666666664,0.0,0,75,4,0,0,0,"{""process_exit"": 44, ""process_exec"": 75}"
1776414616,normal,k3s-wk1,0.31844444444444286,0.6543415855499101,221.0,205.79999999999998,67034.9,15010.333333333334,0.0,0,12,2,0,8,0,"{""process_exit"": 12, ""process_exec"": 12, ""process_kprobe"": 8}"
1776414616,normal,sw-wk2,0.1167777777777802,0.28237413509690734,108.13333333333333,98.0,1101.8333333333333,3789.9666666666667,0.0,0,104,5,0,0,0,"{""process_exit"": 106, ""process_exec"": 104}"
1776414616,normal,sw-wk3,0.20777777777778594,0.4060361634619061,154.0,78.0,3944.5666666666666,59256.166666666664,0.0,0,1,1,0,0,0,"{""process_exit"": 3, ""process_exec"": 1}"
1776414626,normal,k3s-wk1,0.31844444444444286,0.6543415855499101,221.0,205.79999999999998,67034.9,15010.333333333334,0.0,0,33,3,0,28,0,"{""process_exit"": 33, ""process_exec"": 33, ""process_kprobe"": 28}"
1776414626,normal,sw-wk2,0.22966666666664726,0.2839175809472839,120.53333333333333,106.86666666666666,6270.833333333333,27962.2,0.0,0,0,0,0,0,0,{}
1776414626,normal,sw-wk3,0.20777777777778594,0.4060361634619061,154.0,78.0,3944.5666666666666,59256.166666666664,0.0,0,0,0,0,0,0,{}
1776414636,normal,k3s-wk1,0.31844444444444286,0.6543415855499101,221.0,205.79999999999998,67034.9,15010.333333333334,0.0,0,12,2,0,8,0,"{""process_exit"": 12, ""process_exec"": 12, ""process_kprobe"": 8}"
1776414636,normal,sw-wk2,0.22966666666664726,0.2839175809472839,120.53333333333333,106.86666666666666,6270.833333333335,27962.2,0.0,0,0,0,0,0,0,{}
1776414636,normal,sw-wk3,0.15311111111117903,0.4052254163640302,156.13333333333333,80.00000000000001,6196.9,6111.566666666667,0.0,0,0,0,0,0,0,{}
1776414647,normal,k3s-wk1,0.24585319245852078,0.6452318247855481,424.25757424257574,301.0698930106989,9420.65793420658,1973.9359397393594,0.0,0,99,3,0,90,0,"{""process_exit"": 99, ""process_exec"": 99, ""process_kprobe"": 90}"
1776414647,normal,sw-wk2,0.22966666666664726,0.2839175809472839,120.53333333333333,106.86666666666666,6270.833333333333,27962.2,0.0,0,0,0,0,0,0,{}
1776414647,normal,sw-wk3,0.15311111111117903,0.4052254163640302,156.13333333333333,80.0,6196.9,6111.5666666666675,0.0,0,1,1,0,0,0,"{""process_exit"": 3, ""process_exec"": 1}"
1776414656,normal,k3s-wk1,0.24585319245852055,0.6452318247855481,424.25757424257574,301.06989301069893,9420.65793420658,1973.9359397393591,0.0,0,33,3,0,28,0,"{""process_exit"": 33, ""process_exec"": 33, ""process_kprobe"": 28}"
1776414656,normal,sw-wk2,0.1269523873003362,0.2798638454579049,116.04345797507166,100.84649736719324,796.4740385256283,3729.5207625141643,0.0,0,0,0,0,0,0,{}
1776414656,normal,sw-wk3,0.15311111111117903,0.4052254163640302,156.13333333333333,80.0,6196.9,6111.566666666667,0.0,0,0,0,0,0,0,{}
1776414666,normal,k3s-wk1,0.24585319245852055,0.6452318247855481,424.25757424257574,301.06989301069893,9420.65793420658,1973.9359397393594,0.0,0,15,2,0,10,0,"{""process_exit"": 15, ""process_exec"": 15, ""process_kprobe"": 10}"
1776414666,normal,sw-wk2,0.1269523873003362,0.2798638454579049,116.04345797507166,100.84649736719324,796.4740385256283,3729.5207625141634,0.0,0,106,7,0,0,0,"{""process_exec"": 106, ""process_exit"": 106}"
1776414666,normal,sw-wk3,0.19977777777773253,0.4054500044599054,159.13333333333333,83.0,2461.1666666666665,6731.866666666667,0.0,0,1,1,0,0,0,"{""process_exit"": 7, ""process_exec"": 1}"
1776414676,normal,k3s-wk1,0.32975543629232407,0.6451166828279316,225.8741958065269,210.67368912297079,34149.70499016634,9532.951098369947,0.0,0,57,3,0,50,0,"{""process_exit"": 57, ""process_exec"": 57, ""process_kprobe"": 50}"
1776414676,normal,sw-wk2,0.1269523873003362,0.2798638454579049,116.04345797507166,100.84649736719324,796.4740385256283,3729.5207625141643,0.0,0,0,0,0,0,0,{}
1776414676,normal,sw-wk3,0.19977777777773253,0.4054500044599054,159.13333333333335,83.0,2461.1666666666665,6731.866666666667,0.0,0,0,0,0,0,0,{}
1776414686,normal,k3s-wk1,0.32975543629232407,0.6451166828279316,225.87419580652687,210.67368912297079,34149.70499016634,9532.951098369947,0.0,0,60,3,0,52,0,"{""process_exit"": 60, ""process_exec"": 60, ""process_kprobe"": 52}"
1776414686,normal,sw-wk2,0.20472983485586582,0.2821718465282822,113.22264452890578,98.01960392078415,5321.731012869242,27880.409415216374,0.0,0,0,0,0,0,0,{}
1776414686,normal,sw-wk3,0.19977777777773253,0.4054500044599054,159.13333333333333,83.0,2461.1666666666665,6731.866666666667,0.0,0,0,0,0,0,0,{}
1776414696,normal,k3s-wk1,0.32975543629232407,0.6451166828279316,225.8741958065269,210.67368912297079,34149.70499016634,9532.951098369947,0.0,0,12,2,0,8,0,"{""process_exit"": 12, ""process_exec"": 12, ""process_kprobe"": 8}"
1776414696,normal,sw-wk2,0.20472983485586582,0.2821718465282822,113.22264452890578,98.01960392078415,5321.731012869241,27880.409415216374,0.0,0,0,0,0,0,0,{}
1776414696,normal,sw-wk3,0.1806666666666893,0.40238381946302737,158.46666666666667,84.0,4551.566666666667,5814.366666666667,0.0,0,1,1,0,0,0,"{""process_exit"": 3, ""process_exec"": 1}"
1776414706,normal,k3s-wk1,0.32417716736671653,0.6413689249917877,209.94732982198815,209.8139875991733,9775.718381225415,4887.125808387226,0.0,0,36,3,0,30,0,"{""process_exit"": 36, ""process_exec"": 36, ""process_kprobe"": 30}"
1776414706,normal,sw-wk2,0.20472983485586582,0.2821718465282822,113.22264452890578,98.01960392078415,5321.731012869241,27880.409415216374,0.0,0,0,0,0,0,0,{}
1776414706,normal,sw-wk3,0.1806666666666893,0.40238381946302737,158.46666666666667,84.0,4551.566666666667,5814.366666666667,0.0,0,1,1,0,0,0,"{""process_exec"": 1}"
1776414716,normal,k3s-wk1,0.32417716736671653,0.6413689249917877,209.94732982198815,209.8139875991733,9775.718381225415,4887.125808387226,0.0,0,18,2,0,12,0,"{""process_exit"": 18, ""process_exec"": 18, ""process_kprobe"": 12}"
1776414716,normal,sw-wk2,0.13592179081263522,0.2852746664627853,78.32027995334111,68.18863522746207,995.0008331944676,3654.2576237293783,0.0,0,0,0,0,0,0,{}
1776414716,normal,sw-wk3,0.1806666666666893,0.40238381946302737,158.46666666666667,84.0,4551.566666666667,5814.366666666667,0.0,0,1,1,0,0,0,"{""process_exit"": 3, ""process_exec"": 1}"
1776414726,normal,k3s-wk1,0.32417716736671653,0.6413689249917877,209.94732982198815,209.8139875991733,9775.718381225415,4887.125808387226,0.0,0,36,3,0,30,0,"{""process_exit"": 36, ""process_exec"": 36, ""process_kprobe"": 30}"
1776414726,normal,sw-wk2,0.13592179081263522,0.2852746664627853,78.32027995334111,68.18863522746207,995.0008331944674,3654.2576237293783,0.0,0,0,0,0,0,0,{}
1776414726,normal,sw-wk3,0.44609231794700244,0.415038801177415,705.4490918180303,342.84285952341276,3037.9603399433427,6184.269288451925,0.0,0,0,0,0,0,0,{}
1776414736,normal,k3s-wk1,0.31488888888889044,0.6485765857700344,219.13333333333333,221.26666666666665,10253.700000000003,4749.1,0.0,0,81,3,0,72,0,"{""process_exit"": 82, ""process_exec"": 81, ""process_kprobe"": 72}"
1776414736,normal,sw-wk2,0.1359217908126351,0.2852746664627853,78.32027995334111,68.18863522746209,995.0008331944676,3654.2576237293783,0.0,0,2,2,0,0,0,"{""process_exec"": 2}"
1776414736,normal,sw-wk3,0.44609231794700244,0.415038801177415,705.4490918180303,342.84285952341276,3037.9603399433427,6184.269288451925,0.0,0,0,0,0,0,0,{}
1776414746,normal,k3s-wk1,0.31488888888889044,0.6485765857700344,219.13333333333333,221.26666666666665,10253.7,4749.100000000001,0.0,0,33,3,0,28,0,"{""process_exit"": 33, ""process_exec"": 33, ""process_kprobe"": 28}"
1776414746,normal,sw-wk2,0.23064955270321297,0.2846534653465347,111.01850308384729,100.88348058009667,5408.9014835805965,28070.178363060513,0.0,0,104,5,0,0,0,"{""process_exit"": 106, ""process_exec"": 104}"
1776414746,normal,sw-wk3,0.44609231794700244,0.415038801177415,705.4490918180303,342.84285952341276,3037.9603399433427,6184.269288451925,0.0,0,0,0,0,0,0,{}
1776414756,normal,k3s-wk1,0.31488888888889044,0.6485765857700344,219.13333333333333,221.26666666666665,10253.7,4749.1,0.0,0,15,2,0,10,0,"{""process_exit"": 15, ""process_exec"": 15, ""process_kprobe"": 10}"
1776414756,normal,sw-wk2,0.23064955270321308,0.2846534653465347,111.01850308384729,100.88348058009667,5408.9014835805965,28070.178363060506,0.0,0,0,0,0,0,0,{}
1776414756,normal,sw-wk3,0.426682224815205,0.4088490895421588,178.76312718786463,98.4830805134189,3249.30821803634,7670.31171861977,0.0,0,1,1,0,0,0,"{""process_exit"": 15, ""process_exec"": 1}"
1776414766,normal,k3s-wk1,0.29333333333334954,0.6478586417990141,223.79999999999998,208.66666666666666,35095.333333333336,6546.666666666667,0.0,0,33,3,0,28,0,"{""process_exit"": 33, ""process_exec"": 33, ""process_kprobe"": 28}"
1776414766,normal,sw-wk2,0.23064955270321308,0.2846534653465347,111.01850308384729,100.88348058009667,5408.9014835805965,28070.178363060506,0.0,0,0,0,0,0,0,{}
1776414766,normal,sw-wk3,0.426682224815205,0.4088490895421588,178.76312718786463,98.4830805134189,3249.308218036339,7670.31171861977,0.0,0,0,0,0,0,0,{}
1776414776,normal,k3s-wk1,0.29333333333334954,0.6478586417990141,223.79999999999998,208.66666666666666,35095.333333333336,6546.666666666667,0.0,0,57,3,0,50,0,"{""process_exit"": 57, ""process_exec"": 57, ""process_kprobe"": 50}"
1776414776,normal,sw-wk2,0.13211111111114515,0.28188195267403193,111.0,100.86666666666666,678.5666666666666,3663.9,0.0,0,0,0,0,0,0,{}
1776414776,normal,sw-wk3,0.426682224815205,0.4088490895421588,178.76312718786463,98.4830805134189,3249.308218036339,7670.31171861977,0.0,0,0,0,0,0,0,{}
1776414786,normal,k3s-wk1,0.29333333333334954,0.6478586417990141,223.79999999999998,208.66666666666666,35095.333333333336,6546.666666666667,0.0,0,57,3,0,50,0,"{""process_exit"": 57, ""process_exec"": 57, ""process_kprobe"": 50}"
1776414786,normal,sw-wk2,0.13211111111114515,0.28188195267403193,111.0,100.86666666666666,678.5666666666666,3663.9,0.0,0,2,2,0,0,0,"{""process_exec"": 2}"
1776414786,normal,sw-wk3,0.42200000000003557,0.40732635039565734,211.33333333333334,111.33333333333333,2326.2,5495.266666666667,0.0,0,0,0,0,0,0,{}
1776414796,normal,k3s-wk1,0.30022222222222716,0.6476791558062589,221.0,205.79999999999998,11215.766666666666,4611.9,0.0,0,12,2,0,8,0,"{""process_exit"": 12, ""process_exec"": 12, ""process_kprobe"": 8}"
1776414796,normal,sw-wk2,0.13211111111114515,0.28188195267403193,111.0,100.86666666666666,678.5666666666666,3663.9,0.0,0,104,5,0,0,0,"{""process_exit"": 104, ""process_exec"": 104}"
1776414796,normal,sw-wk3,0.42200000000003557,0.40732635039565734,211.33333333333334,111.33333333333333,2326.2,5495.266666666666,0.0,0,1,1,0,0,0,"{""process_exit"": 11, ""process_exec"": 1}"
1776414806,normal,k3s-wk1,0.30022222222222716,0.6476791558062589,221.0,205.79999999999998,11215.766666666666,4611.9,0.0,0,39,3,0,32,0,"{""process_exit"": 39, ""process_exec"": 39, ""process_kprobe"": 32}"
1776414806,normal,sw-wk2,0.2256666666666407,0.28250315379028246,113.2,98.0,5980.133333333333,28039.333333333332,0.0,0,0,0,0,0,0,"{""process_exit"": 2}"
1776414806,normal,sw-wk3,0.42200000000003557,0.40732635039565734,211.33333333333334,111.33333333333333,2326.2,5495.266666666666,0.0,0,1,1,0,0,0,"{""process_exit"": 20, ""process_exec"": 1}"
1776414817,normal,k3s-wk1,0.30022222222222716,0.6476791558062589,221.0,205.79999999999998,11215.766666666666,4611.9,0.0,0,36,3,0,30,0,"{""process_exit"": 36, ""process_exec"": 36, ""process_kprobe"": 30}"
1776414817,normal,sw-wk2,0.2256666666666408,0.28250315379028246,113.2,98.0,5980.133333333333,28039.333333333332,0.0,0,0,0,0,0,0,{}
1776414817,normal,sw-wk3,0.31466666666666354,0.40808771996890814,319.1333333333333,169.0,6582.133333333333,9843.4,0.0,0,0,0,0,0,0,{}
1776414826,normal,k3s-wk1,0.3291111111110594,0.6299495520187659,223.86666666666667,208.66666666666666,35686.9,10878.966666666667,0.0,0,14,2,0,10,0,"{""process_exit"": 15, ""process_exec"": 14, ""process_kprobe"": 10}"
1776414826,normal,sw-wk2,0.2256666666666408,0.28250315379028246,113.2,98.0,5980.133333333333,28039.333333333332,0.0,0,0,0,0,0,0,{}
1776414826,normal,sw-wk3,0.31466666666666354,0.40808771996890814,319.1333333333333,169.0,6582.133333333333,9843.4,0.0,0,0,0,0,0,0,{}
1776414836,normal,k3s-wk1,0.3291111111110594,0.6299495520187659,223.86666666666667,208.66666666666666,35686.9,10878.966666666667,0.0,0,13,2,0,8,0,"{""process_exec"": 13, ""process_exit"": 12, ""process_kprobe"": 8}"
1776414836,normal,sw-wk2,0.12766666666668447,0.28648521222778645,116.03333333333333,100.86666666666666,576.2,3599.0333333333333,0.0,0,0,0,0,0,0,{}
1776414836,normal,sw-wk3,0.31466666666666354,0.40808771996890814,319.1333333333333,169.0,6582.133333333333,9843.4,0.0,0,1,1,0,0,0,"{""process_exit"": 5, ""process_exec"": 1}"
1776414846,normal,k3s-wk1,0.3291111111110594,0.6299495520187659,223.86666666666667,208.66666666666666,35686.9,10878.966666666667,0.0,0,57,3,0,50,0,"{""process_exit"": 57, ""process_exec"": 57, ""process_kprobe"": 50}"
1776414846,normal,sw-wk2,0.12766666666668447,0.28648521222778645,116.03333333333333,100.86666666666666,576.2,3599.033333333334,0.0,0,106,7,0,0,0,"{""process_exec"": 106, ""process_exit"": 106}"
1776414846,normal,sw-wk3,0.17633333333332202,0.3981118671712731,319.1333333333333,169.0,2317.133333333333,5937.9,0.0,0,0,0,0,0,0,{}
1776414856,normal,k3s-wk1,0.30322222222227224,0.6354018623647223,223.83333333333334,208.66666666666666,33891.76666666666,9433.433333333332,0.0,0,39,3,0,32,0,"{""process_exit"": 39, ""process_exec"": 39, ""process_kprobe"": 32}"
1776414856,normal,sw-wk2,0.12766666666668447,0.28648521222778645,116.03333333333333,100.86666666666666,576.2,3599.0333333333333,0.0,0,0,0,0,0,0,{}
1776414856,normal,sw-wk3,0.17633333333332202,0.3981118671712731,319.1333333333333,169.0,2317.1333333333337,5937.9,0.0,0,0,0,0,0,0,{}
