node,timestamp,cpu,mem,net_out,net_in,latency
kind-worker2,1768908701.4792597,1.3,20.1,1173871,2122613,12.113571166992188
kind-worker2,1768908706.491616,1.2,20.1,1174418,2123612,4.721641540527344
kind-worker2,1768908711.5025768,1.5,20.1,1174965,2124611,3.4317970275878906
kind-worker2,1768908716.5116925,1.4,20.1,1175512,2125610,3.046274185180664
kind-worker2,1768908719.9752457,1.2,20.1,1176101,2126651,4.007816314697266
kind-worker2,1768908724.9844055,1.3,20.1,1176648,2127650,3.6427974700927734
kind-worker,1768908701.4801502,1.3,20.1,1174935,2123747,11.511564254760742
kind-worker,1768908706.508425,1.2,20.1,1175482,2124746,21.51012420654297
kind-worker2,1768908729.9959326,1.4,20.1,1177237,2128691,3.7109851837158203
kind-worker2,1768908735.0081348,1.3,20.1,1177784,2129690,3.6237239837646484
kind-worker,1768908711.5193887,1.5,20.1,1176029,2125745,3.740072250366211
kind-worker,1768908716.5276532,1.4,20.1,1176618,2126786,2.763509750366211
kind-worker,1768908719.9912608,1.2,20.1,1177165,2127785,4.060506820678711
kind-worker,1768908725.0005527,1.3,20.1,1177712,2128784,2.9442310333251953
kind-worker,1768908730.010168,1.4,20.1,1178259,2129783,3.612041473388672
kind-worker,1768908735.0205936,1.3,20.1,1178848,2130824,3.0279159545898438
kind-worker,1768908740.0371153,1.5,20.1,1179395,2131823,10.561704635620117
kind-worker,1768908745.0564075,1.2,20.1,1179942,2132822,13.321876525878906
kind-worker2,1768908740.0362487,1.5,20.1,1178331,2130689,21.830081939697266
kind-worker2,1768908745.0560014,1.2,20.1,1178878,2131688,17.598390579223633
kind-worker,1768908748.6540062,1.9,20.4,1180489,2133821,3.480195999145508
kind-worker2,1768908748.6564178,1.9,20.4,1179425,2132687,3.2002925872802734
kind-worker,1768908753.6594257,1.4,20.4,1181036,2134820,3.9043426513671875
kind-worker2,1768908753.6673396,1.4,20.4,1179972,2133686,2.9633045196533203
kind-worker,1768908758.6700785,1.4,20.4,1181625,2135861,3.2138824462890625
kind-worker2,1768908758.6741319,1.4,20.4,1180561,2134727,2.6564598083496094
kind-worker,1768908763.678861,1.5,20.4,1182172,2136860,2.8111934661865234
kind-worker2,1768908763.683113,1.5,20.4,1181108,2135726,2.743244171142578
kind-worker,1768908768.6887257,1.3,20.4,1182719,2137859,4.188299179077148
kind-worker2,1768908768.6919868,1.3,20.4,1181697,2136767,3.137826919555664
kind-worker2,1768908773.705683,1.4,20.4,1182244,2137766,12.625932693481445
kind-worker,1768908773.7064297,1.4,20.4,1183266,2138858,11.994600296020508
kind-worker,1768908778.7169955,1.3,20.4,1183855,2139899,3.4606456756591797
kind-worker2,1768908778.723216,1.3,20.4,1182791,2138765,10.845422744750977
kind-worker,1768908781.9973347,1.3,20.4,1184402,2140898,4.125833511352539
kind-worker2,1768908782.0021017,1.3,20.4,1183338,2139764,2.9866695404052734
kind-worker,1768908787.002847,1.4,20.4,1184949,2141897,3.1609535217285156
kind-worker2,1768908787.0078506,1.4,20.4,1183885,2140763,2.668619155883789
kind-worker2,1768908792.0156386,1.3,20.4,1184432,2141762,3.004789352416992
kind-worker,1768908792.0154393,1.3,20.4,1185496,2142896,3.281831741333008
kind-worker,1768908797.0248666,1.4,20.4,1186043,2143895,3.8993358612060547
kind-worker2,1768908797.0254881,1.4,20.4,1185021,2142803,3.798961639404297
kind-worker,1768908802.0350764,1.3,20.4,1186632,2144936,3.5550594329833984
kind-worker2,1768908802.034886,1.3,20.4,1185568,2143802,2.7620792388916016
kind-worker,1768908807.0405972,1.2,20.4,1187179,2145935,3.1006336212158203
kind-worker2,1768908807.0431075,1.2,20.4,1186115,2144801,3.1702518463134766
kind-worker,1768908810.2769513,1.3,20.4,1187726,2146934,20.39623260498047
kind-worker2,1768908810.2774627,1.3,20.4,1186704,2145842,18.5854434967041
kind-worker,1768908815.2879186,1.5,20.4,1188273,2147933,3.354787826538086
kind-worker2,1768908815.296288,1.4,20.4,1187251,2146841,12.543678283691406
kind-worker,1768908820.3002691,1.4,20.4,1188862,2148974,4.608631134033203
kind-worker2,1768908820.3056536,1.4,20.4,1187798,2147840,2.8302669525146484
kind-worker,1768908825.305916,1.5,20.4,1189409,2149973,2.871990203857422
kind-worker2,1768908825.3137784,1.5,20.4,1188345,2148839,2.5908946990966797
kind-worker,1768908830.3215551,1.4,20.4,1189956,2150972,4.045963287353516
kind-worker2,1768908830.327316,1.4,20.4,1188892,2149838,2.9115676879882812
kind-worker,1768908835.3334734,1.2,20.4,1190503,2151971,3.9103031158447266
kind-worker2,1768908835.3365746,1.2,20.4,1189481,2150879,3.3409595489501953
kind-worker,1768908840.3437343,1.3,20.4,1191050,2152970,3.6780834197998047
kind-worker2,1768908840.3593564,1.3,20.4,1190028,2151878,19.782304763793945
kind-worker,1768908843.3673482,1.5,20.4,1191639,2154011,4.186391830444336
kind-worker2,1768908843.3802514,1.5,20.4,1190617,2152919,2.8188228607177734
kind-worker,1768908848.3811953,1.3,20.4,1192186,2155010,11.695146560668945
kind-worker2,1768908848.3853745,1.3,20.4,1191164,2153918,2.947092056274414
kind-worker,1768908853.3872516,1.3,20.4,1192733,2156009,3.9560794830322266
kind-worker2,1768908853.3899837,1.3,20.4,1191711,2154917,3.226041793823242
kind-worker2,1768908858.395933,1.3,20.4,1192258,2155916,3.820657730102539
kind-worker,1768908858.3975341,1.3,20.4,1193280,2157008,3.204822540283203
kind-worker2,1768908863.4081094,1.3,20.4,1192805,2156915,4.026889801025391
kind-worker,1768908863.4078674,1.3,20.4,1193869,2158049,4.844427108764648
kind-worker2,1768908868.4161332,1.3,20.3,1193352,2157914,4.200458526611328
kind-worker,1768908868.418,1.3,20.3,1194416,2159048,3.0660629272460938
kind-worker,1768908871.4141397,1.4,20.3,1194963,2160047,2.689838409423828
kind-worker2,1768908871.4285061,1.4,20.3,1193941,2158955,18.497705459594727
kind-worker,1768908876.434294,1.2,20.3,1195510,2161046,2.9234886169433594
kind-worker2,1768908876.4379425,1.2,20.3,1194530,2159996,3.0121803283691406
kind-worker2,1768908881.4447494,1.3,20.3,1195077,2160995,3.0145645141601562
kind-worker,1768908881.4449255,1.3,20.3,1196057,2162045,3.2820701599121094
kind-worker2,1768908886.4530144,2.0,20.3,1195624,2161994,4.11224365234375
kind-worker,1768908886.454231,2.0,20.3,1196646,2163086,3.972768783569336
kind-worker2,1768908891.461157,1.3,20.3,1196171,2162993,2.9544830322265625
kind-worker,1768908891.4608405,1.3,20.3,1197193,2164085,3.3617019653320312
kind-worker,1768908896.4990308,1.4,20.3,1197740,2165084,30.812978744506836
kind-worker2,1768908896.4995706,1.4,20.3,1196718,2163992,31.957387924194336
kind-worker2,1768908899.8279974,1.3,20.3,1197265,2164991,3.427267074584961
kind-worker,1768908899.8287175,1.3,20.3,1198287,2166083,2.6884078979492188
kind-worker2,1768908904.8373373,1.2,20.3,1197812,2165990,3.3998489379882812
kind-worker,1768908904.8372223,1.2,20.3,1198876,2167124,2.557516098022461
kind-worker2,1768908909.8635976,1.4,20.3,1198401,2167031,20.145893096923828
kind-worker,1768908909.864201,1.4,20.3,1199423,2168123,17.64369010925293
kind-worker2,1768908914.87448,1.6,20.4,1198990,2168072,4.308938980102539
kind-worker,1768908914.874385,1.6,20.4,1199970,2169122,2.997159957885742
kind-worker,1768908919.8845208,1.3,20.4,1200517,2170121,3.261566162109375
kind-worker2,1768908919.884573,1.3,20.4,1199537,2169071,2.984762191772461
kind-worker2,1768908924.894656,1.5,20.4,1200084,2170070,3.5643577575683594
kind-worker,1768908924.8967779,1.5,20.4,1201064,2171120,3.233194351196289
kind-worker2,1768908930.200798,1.3,20.4,1200631,2171069,299.98302459716797
kind-worker,1768908930.2013156,1.4,20.4,1201653,2172161,298.62093925476074
kind-worker2,1768908933.2698488,1.5,20.4,1201178,2172068,4.637718200683594
kind-worker,1768908933.2740915,1.5,20.4,1202200,2173160,2.6705265045166016
kind-worker2,1768908938.2793076,1.6,20.4,1201725,2173067,3.8487911224365234
kind-worker,1768908938.2828546,1.6,20.4,1202747,2174159,2.948760986328125
kind-worker2,1768908943.2913165,1.7,20.4,1202272,2174066,4.6176910400390625
kind-worker,1768908943.293066,1.7,20.4,1203294,2175158,4.303216934204102
kind-worker,1768908948.2986598,1.4,20.3,1203883,2176199,4.252195358276367
kind-worker2,1768908948.3212729,1.4,20.3,1202903,2175149,23.449182510375977
kind-worker,1768908953.3196714,1.3,20.4,1204430,2177198,3.195524215698242
kind-worker2,1768908953.3313062,1.3,20.4,1203450,2176148,3.3919811248779297
kind-worker,1768908958.333587,1.4,20.4,1204977,2178197,3.814697265625
kind-worker2,1768908958.338301,1.4,20.4,1203997,2177147,3.1096935272216797
kind-worker,1768908961.280072,1.3,20.4,1205524,2179196,3.098726272583008
kind-worker2,1768908961.2836504,1.3,20.4,1204544,2178146,2.7489662170410156
kind-worker,1768908966.301823,1.3,20.4,1206113,2180237,13.561010360717773
kind-worker2,1768908966.3028324,1.3,20.4,1205091,2179145,12.769222259521484
kind-worker,1768908971.3113072,1.4,20.4,1206660,2181236,3.5660266876220703
kind-worker2,1768908971.3123097,1.4,20.4,1205638,2180144,3.4139156341552734
kind-worker,1768908976.3184233,1.3,20.4,1207207,2182235,3.9980411529541016
kind-worker2,1768908976.3217611,1.3,20.4,1206185,2181143,3.1843185424804688
kind-worker,1768908981.331143,1.4,20.4,1207754,2183234,4.664421081542969
kind-worker2,1768908981.333495,1.4,20.4,1206774,2182184,3.936767578125
kind-worker2,1768908986.3410404,1.4,20.4,1207363,2183225,3.809690475463867
kind-worker,1768908986.3550608,1.4,20.4,1208301,2184233,17.78721809387207
kind-worker2,1768908991.352018,1.3,20.4,1207910,2184224,4.441738128662109
kind-worker,1768908991.3647022,1.3,20.4,1208890,2185274,2.893209457397461
kind-worker2,1768908994.729184,1.4,20.4,1208457,2185223,3.5583972930908203
kind-worker,1768908994.7470043,1.4,20.4,1209437,2186273,3.6880970001220703
kind-worker2,1768908999.744055,1.5,20.4,1209004,2186222,4.942417144775391
kind-worker,1768908999.759293,1.5,20.4,1209984,2187272,11.223793029785156
kind-worker2,1768909004.7540426,1.3,20.4,1209551,2187221,3.644227981567383
kind-worker,1768909004.7649045,1.4,20.4,1210573,2188313,2.8581619262695312
kind-worker2,1768909009.7641256,1.3,20.4,1210098,2188220,4.1790008544921875
kind-worker,1768909009.7725332,1.3,20.4,1211120,2189312,2.470254898071289
kind-worker2,1768909014.7744033,1.3,20.4,1210645,2189219,3.171205520629883
kind-worker,1768909014.781197,1.2,20.4,1211667,2190311,2.5408267974853516
kind-worker,1768909019.7899854,1.5,20.4,1212214,2191310,2.953767776489258
kind-worker2,1768909019.792448,1.5,20.4,1211234,2190260,11.993885040283203
kind-worker,1768909022.994382,1.4,20.4,1212761,2192309,4.112720489501953
kind-worker2,1768909022.996711,1.4,20.4,1211823,2191301,3.458261489868164
kind-worker,1768909028.0001905,1.4,20.4,1213308,2193308,3.648519515991211
kind-worker2,1768909028.000995,1.4,20.4,1212370,2192300,2.947568893432617
kind-worker2,1768909033.012545,1.3,20.4,1212917,2193299,3.1478404998779297
kind-worker,1768909033.0173175,1.3,20.4,1213897,2194349,14.675140380859375
kind-worker2,1768909038.0166233,1.4,20.4,1213464,2194298,3.1769275665283203
kind-worker,1768909038.026095,1.4,20.4,1214444,2195348,2.569913864135742
kind-worker2,1768909043.0258815,1.5,20.4,1214011,2195297,3.2792091369628906
kind-worker,1768909043.0329201,1.5,20.4,1215033,2196389,2.444744110107422
kind-worker2,1768909048.0359657,1.2,20.4,1214558,2196296,3.007650375366211
kind-worker,1768909048.042084,1.2,20.4,1215580,2197388,2.938985824584961
kind-worker2,1768909053.0473385,1.5,20.4,1215105,2197295,4.196405410766602
kind-worker,1768909053.0672064,1.6,20.4,1216127,2198387,21.532297134399414
kind-worker2,1768909056.2955978,1.5,20.4,1215694,2198336,4.054546356201172
kind-worker,1768909056.3157856,1.5,20.4,1216674,2199386,2.994537353515625
kind-worker2,1768909061.3073552,1.3,20.4,1216283,2199377,4.537105560302734
kind-worker,1768909061.3258495,1.3,20.4,1217221,2200385,3.4308433532714844
kind-worker2,1768909066.333056,1.2,20.4,1216830,2200376,19.60921287536621
kind-worker,1768909066.334236,1.2,20.4,1217768,2201384,2.5115013122558594
kind-worker2,1768909071.3445423,1.6,20.4,1217377,2201375,4.215240478515625
kind-worker,1768909071.3469684,1.6,20.4,1218315,2202383,3.5343170166015625
kind-worker2,1768909076.352987,1.3,20.4,1217924,2202374,4.060506820678711
kind-worker,1768909076.3556983,1.3,20.4,1218904,2203424,3.1058788299560547
kind-worker2,1768909081.3663087,1.4,20.4,1218471,2203373,3.3254623413085938
kind-worker,1768909081.3658645,1.4,20.4,1219451,2204423,3.355264663696289
kind-worker2,1768909084.5650918,1.3,20.4,1219018,2204372,3.5729408264160156
kind-worker,1768909084.5686567,1.3,20.4,1219998,2205422,2.676248550415039
kind-worker2,1768909089.5743608,1.2,20.4,1219565,2205371,3.298521041870117
kind-worker,1768909089.5775347,1.2,20.4,1220587,2206463,2.8884410858154297
kind-worker2,1768909094.5896695,1.4,20.4,1220196,2206454,10.742902755737305
kind-worker,1768909094.5904493,1.4,20.4,1221134,2207462,10.87331771850586
kind-worker,1768909099.5993953,1.5,20.4,1221681,2208461,2.8710365295410156
kind-worker2,1768909099.6105664,1.5,20.4,1220743,2207453,18.512964248657227
kind-worker,1768909104.6103463,1.2,20.4,1222270,2209502,3.9076805114746094
kind-worker2,1768909104.6158037,1.2,20.4,1221290,2208452,2.8879642486572266
kind-worker,1768909109.616096,1.6,20.4,1222817,2210501,3.3426284790039062
kind-worker2,1768909109.623712,1.6,20.4,1221837,2209451,2.7360916137695312
kind-worker,1768909112.8626359,1.4,20.4,1223364,2211500,2.9861927032470703
kind-worker2,1768909112.8676817,1.4,20.4,1222384,2210450,2.8924942016601562
kind-worker,1768909117.8745806,1.5,20.4,1223911,2212499,4.398107528686523
kind-worker2,1768909117.874318,1.5,20.4,1222931,2211449,4.083156585693359
kind-worker2,1768909122.8835504,1.4,20.4,1223478,2212448,4.630565643310547
kind-worker,1768909122.8848574,1.4,20.4,1224458,2213498,4.20379638671875
kind-worker,1768909127.8913863,1.6,20.4,1225047,2214539,3.8933753967285156
kind-worker2,1768909127.9108098,1.6,20.4,1224067,2213489,20.295381546020508
kind-worker,1768909132.9102461,1.3,20.4,1225594,2215538,12.072563171386719
kind-worker2,1768909132.9180257,1.3,20.4,1224656,2214530,2.8390884399414062
kind-worker,1768909137.9220953,1.6,20.4,1226183,2216579,3.827333450317383
kind-worker2,1768909137.9252498,1.6,20.4,1225203,2215529,3.0286312103271484
kind-worker,1768909142.928922,1.2,20.4,1226730,2217578,4.393100738525391
kind-worker2,1768909142.9307306,1.2,20.4,1225750,2216528,4.293680191040039
kind-worker2,1768909146.3181489,1.4,20.4,1226297,2217527,3.818035125732422
kind-worker,1768909146.3187354,1.4,20.4,1227277,2218577,4.07719612121582
kind-worker2,1768909151.3259137,1.2,20.4,1226844,2218526,3.7415027618408203
kind-worker,1768909151.3286989,1.2,20.4,1227866,2219618,3.785848617553711
kind-worker2,1768909156.334897,1.6,20.4,1227391,2219525,2.891063690185547
kind-worker,1768909156.337512,1.6,20.4,1228413,2220617,2.936124801635742
kind-worker,1768909161.3471851,1.1,20.4,1228960,2221616,3.9615631103515625
kind-worker2,1768909161.3646257,1.1,20.4,1227980,2220566,23.18859100341797
kind-worker,1768909166.3567345,1.7,20.4,1229507,2222615,4.2705535888671875
kind-worker2,1768909166.3726568,1.7,20.4,1228527,2221565,3.3490657806396484
kind-worker,1768909171.3772848,1.4,20.4,1230054,2223614,13.90218734741211
kind-worker2,1768909171.3813107,1.3,20.4,1229116,2222606,2.7370452880859375
kind-worker,1768909174.4026437,1.5,20.4,1230601,2224613,3.9806365966796875
kind-worker2,1768909174.405113,1.5,20.4,1229663,2223605,3.1392574310302734
kind-worker,1768909179.411319,1.3,20.4,1231190,2225654,2.8438568115234375
kind-worker2,1768909179.4139457,1.2,20.4,1230210,2224604,2.910137176513672
kind-worker,1768909184.4178827,1.7,20.4,1231779,2226695,4.0187835693359375
kind-worker2,1768909184.439995,1.7,20.4,1230757,2225603,3.04412841796875
kind-worker,1768909189.4258063,1.2,20.4,1232326,2227694,3.5905838012695312
kind-worker2,1768909189.451575,1.1,20.4,1231346,2226644,3.8788318634033203
kind-worker,1768909194.432619,1.5,20.4,1232873,2228693,3.1442642211914062
kind-worker2,1768909194.46276,1.5,20.4,1231893,2227643,3.428220748901367
kind-worker,1768909199.444064,1.3,20.4,1233420,2229692,4.392862319946289
kind-worker2,1768909199.4733765,1.3,20.4,1232440,2228642,3.603219985961914
kind-worker,1768909204.4678648,1.5,20.4,1234009,2230733,20.44534683227539
kind-worker2,1768909204.4830167,1.5,20.4,1232987,2229641,2.994537353515625
kind-worker,1768909207.5158176,1.6,20.4,1234556,2231732,18.140792846679688
kind-worker2,1768909207.516564,1.6,20.4,1233576,2230682,3.2300949096679688
kind-worker2,1768909212.5266001,1.5,20.4,1234123,2231681,4.462003707885742
kind-worker,1768909212.5268643,1.5,20.4,1235103,2232731,3.8847923278808594
kind-worker2,1768909217.5382538,1.3,20.4,1234670,2232680,3.718852996826172
kind-worker,1768909217.5380452,1.3,20.4,1235650,2233730,4.23884391784668
kind-worker2,1768909222.549373,1.7,20.4,1235259,2233721,3.4437179565429688
kind-worker,1768909222.5491335,1.7,20.4,1236197,2234729,3.7908554077148438
kind-worker,1768909227.5606332,1.3,20.4,1236744,2235728,4.621982574462891
kind-worker2,1768909227.5655572,1.3,20.4,1235806,2234720,3.391742706298828
kind-worker2,1768909232.5932322,1.5,20.4,1236353,2235719,15.226125717163086
kind-worker,1768909232.5941153,1.5,20.4,1237375,2236811,26.981592178344727
kind-worker2,1768909235.2886777,1.2,20.4,1236900,2236718,3.566741943359375
kind-worker,1768909235.289409,1.2,20.4,1237922,2237810,3.239154815673828
kind-worker2,1768909240.2996864,1.5,20.4,1237447,2237717,4.129171371459961
kind-worker,1768909240.3009436,1.5,20.4,1238469,2238809,4.478693008422852
kind-worker,1768909245.3125114,1.4,20.4,1239016,2239808,5.074501037597656
kind-worker2,1768909245.3134785,1.4,20.4,1238036,2238758,4.137516021728516
kind-worker,1768909250.3188226,1.5,20.4,1239605,2240807,3.345012664794922
kind-worker2,1768909250.322593,1.5,20.4,1238625,2239799,2.8905868530273438
kind-worker,1768909255.3245986,1.2,20.4,1240152,2241848,4.258871078491211
kind-worker2,1768909255.331564,1.2,20.4,1239172,2240798,2.9158592224121094
kind-worker,1768909260.3400347,1.5,20.4,1240699,2242847,3.526926040649414
kind-worker2,1768909260.3422763,1.5,20.4,1239719,2241797,3.5262107849121094
kind-worker,1768909265.36213,1.3,20.4,1241246,2243846,21.00205421447754
kind-worker2,1768909265.3628695,1.3,20.4,1240266,2242796,14.564275741577148
kind-worker2,1768909268.386189,1.6,20.4,1240813,2243795,4.0531158447265625
kind-worker,1768909268.3981683,1.6,20.4,1241793,2244845,12.41302490234375
kind-worker2,1768909273.3970532,1.3,20.4,1241360,2244794,4.129171371459961
kind-worker,1768909273.4030693,1.3,20.4,1242340,2245844,3.3159255981445312
kind-worker2,1768909278.408187,1.9,20.4,1241907,2245793,4.442453384399414
kind-worker,1768909278.4114842,1.9,20.4,1242971,2246927,3.1833648681640625
kind-worker2,1768909283.4183738,1.2,20.4,1242496,2246834,3.440380096435547
kind-worker,1768909283.4193122,1.2,20.4,1243518,2247926,2.8340816497802734
kind-worker,1768909288.427261,1.4,20.4,1244065,2248925,2.897024154663086
kind-worker2,1768909288.4418926,1.4,20.4,1243085,2247875,3.0295848846435547
kind-worker,1768909293.437552,1.3,20.4,1244612,2249924,3.7598609924316406
kind-worker2,1768909293.451728,1.3,20.4,1243632,2248874,3.3800601959228516
kind-worker,1768909296.4507554,1.6,20.4,1245159,2250923,4.714012145996094
kind-worker2,1768909296.4623122,1.6,20.4,1244179,2249873,2.973318099975586
kind-worker,1768909301.4702141,1.4,20.4,1245706,2251922,12.849569320678711
kind-worker2,1768909301.4719908,1.4,20.4,1244726,2250872,2.929210662841797
kind-worker,1768909306.481847,1.5,20.4,1246295,2252963,4.669904708862305
kind-worker2,1768909306.4979603,1.5,20.4,1245273,2251871,19.376039505004883
kind-worker,1768909311.494837,1.2,20.4,1246842,2253962,4.115581512451172
kind-worker2,1768909311.50953,1.2,20.4,1245820,2252870,3.3347606658935547
kind-worker,1768909316.5048358,1.5,20.4,1247389,2254961,3.858804702758789
kind-worker2,1768909316.5171564,1.5,20.4,1246367,2253869,2.9773712158203125
kind-worker,1768909321.519586,1.2,20.4,1247936,2255960,4.590749740600586
kind-worker2,1768909321.524593,1.2,20.4,1246998,2254952,2.929210662841797
kind-worker2,1768909324.6351056,1.6,20.4,1247545,2255951,4.093408584594727
kind-worker,1768909324.6352427,1.6,20.4,1248525,2257001,4.433155059814453
kind-worker,1768909329.6400473,1.3,20.4,1249114,2258042,3.1585693359375
kind-worker2,1768909329.644198,1.3,20.4,1248092,2256950,2.677440643310547
kind-worker,1768909334.646143,1.6,20.4,1249661,2259041,4.484653472900391
kind-worker2,1768909334.6533837,1.6,20.4,1248639,2257949,3.1969547271728516
kind-worker,1768909339.678129,1.3,20.4,1250208,2260040,24.878501892089844
kind-worker2,1768909339.67915,1.3,20.4,1249186,2258948,19.337177276611328
kind-worker,1768909344.6833282,1.3,20.4,1250755,2261039,2.4013519287109375
kind-worker2,1768909344.6832592,1.3,20.4,1249733,2259947,2.292156219482422
kind-worker,1768909349.6938686,1.0,20.4,1251302,2262038,3.354787826538086
kind-worker2,1768909349.6935148,1.0,20.4,1250280,2260946,3.280162811279297
kind-worker,1768909354.699578,1.4,20.4,1251849,2263037,3.6745071411132812
kind-worker2,1768909354.7038982,1.4,20.4,1250869,2261987,3.3562183380126953
kind-worker,1768909357.7234678,1.1,20.4,1252438,2264078,3.751993179321289
kind-worker2,1768909357.7282357,1.1,20.4,1251458,2263028,3.0689239501953125
kind-worker,1768909362.7350416,1.7,20.4,1252985,2265077,4.294872283935547
kind-worker2,1768909362.7379339,1.7,20.4,1252005,2264027,3.2186508178710938
kind-worker,1768909367.7457597,1.3,20.4,1253532,2266076,4.033803939819336
kind-worker2,1768909367.7513015,1.3,20.4,1252552,2265026,3.083467483520508
kind-worker,1768909372.7633386,1.3,20.4,1254121,2267117,11.649131774902344
kind-worker2,1768909372.7669435,1.3,20.4,1253099,2266025,9.723186492919922
kind-worker,1768909377.7740734,1.2,20.4,1254668,2268116,3.8576126098632812
kind-worker2,1768909377.7776735,1.2,20.4,1253646,2267024,3.6165714263916016
kind-worker,1768909382.783895,1.4,20.4,1255257,2269157,3.9129257202148438
kind-worker2,1768909382.7898054,1.4,20.4,1254193,2268023,2.8676986694335938
kind-worker,1768909385.9854517,1.2,20.4,1255804,2270156,3.8976669311523438
kind-worker2,1768909385.9899948,1.2,20.4,1254824,2269106,3.095865249633789
kind-worker,1768909390.9932349,1.6,20.4,1256351,2271155,3.5839080810546875
kind-worker2,1768909390.9964056,1.6,20.4,1255371,2270105,2.7358531951904297
kind-worker,1768909395.999687,1.3,20.4,1256898,2272154,3.266572952270508
kind-worker2,1768909396.0047264,1.3,20.4,1255918,2271104,2.880096435546875
kind-worker,1768909401.008394,1.5,20.4,1257445,2273153,3.0815601348876953
kind-worker2,1768909401.0140538,1.5,20.4,1256465,2272103,2.9582977294921875
kind-worker2,1768909406.042697,1.2,20.4,1257012,2273102,24.01423454284668
kind-worker,1768909406.043775,1.2,20.4,1258034,2274194,28.91707420349121
kind-worker2,1768909411.0739548,1.5,20.4,1257559,2274101,24.576187133789062
kind-worker,1768909411.0747478,1.5,20.4,1258581,2275193,24.071693420410156
kind-worker2,1768909416.0838964,1.1,20.4,1258148,2275142,2.9790401458740234
kind-worker,1768909416.0844023,1.1,20.4,1259128,2276192,2.874135971069336
kind-worker,1768909419.1843007,1.6,20.6,1259675,2277191,2.9096603393554688
kind-worker2,1768909419.1839416,1.5,20.6,1258737,2276183,3.4074783325195312
kind-worker2,1768909424.1958685,3.6,20.6,1259284,2277182,4.158735275268555
kind-worker,1768909424.1960628,3.6,20.6,1260264,2278232,4.319667816162109
kind-worker,1768909429.2050889,1.4,20.6,1260853,2279273,2.9664039611816406
kind-worker2,1768909429.204949,1.4,20.6,1259831,2278181,2.9227733612060547
kind-worker,1768909434.2136445,1.2,20.6,1261400,2280272,4.169940948486328
kind-worker2,1768909434.219519,1.2,20.6,1260378,2279180,3.0469894409179688
kind-worker,1768909439.2236588,1.3,20.6,1261947,2281271,3.1914710998535156
kind-worker2,1768909439.2283802,1.3,20.6,1260925,2280179,3.5729408264160156
kind-worker,1768909444.2494876,3.5,20.7,1262494,2282270,22.674560546875
kind-worker2,1768909444.2489135,3.5,20.7,1261514,2281220,14.487028121948242
kind-worker2,1768909447.3540494,8.1,20.7,1262061,2282219,2.9091835021972656
kind-worker,1768909447.354886,8.1,20.7,1263041,2283269,3.022432327270508
kind-worker,1768909452.362404,7.9,20.7,1263588,2284268,3.256559371948242
kind-worker2,1768909452.3627815,7.9,20.7,1262650,2283260,2.9425621032714844
kind-worker,1768909457.3720305,7.8,20.7,1264177,2285309,3.3211708068847656
kind-worker2,1768909457.3717935,7.8,20.7,1263197,2284259,2.6607513427734375
kind-worker2,1768909462.3792384,7.7,20.7,1263744,2285258,3.846406936645508
kind-worker,1768909462.383318,7.8,20.7,1264724,2286308,4.070043563842773
kind-worker2,1768909467.3841858,8.3,20.6,1264291,2286257,3.212451934814453
kind-worker,1768909467.3881514,8.2,20.6,1265271,2287307,3.1392574310302734
kind-worker2,1768909472.3939106,7.6,20.6,1264838,2287256,3.230571746826172
kind-worker,1768909472.399567,7.7,20.6,1265818,2288306,2.8944015502929688
kind-worker2,1768909477.4141605,7.8,20.6,1265427,2288297,14.5111083984375
kind-worker,1768909477.414992,7.7,20.6,1266407,2289347,13.838768005371094
kind-worker2,1768909480.219635,7.8,20.6,1265974,2289296,3.1867027282714844
kind-worker,1768909480.2225034,7.8,20.6,1266954,2290346,2.957582473754883
kind-worker2,1768909485.226398,5.8,20.6,1266563,2290337,2.587556838989258
kind-worker,1768909485.2305274,5.8,20.6,1267543,2291387,2.5167465209960938
kind-worker2,1768909490.2358198,1.2,20.6,1267110,2291336,3.170013427734375
kind-worker,1768909490.2394736,1.2,20.6,1268090,2292386,3.3953189849853516
kind-worker2,1768909495.2453368,1.3,20.6,1267657,2292335,3.1709671020507812
kind-worker,1768909495.2491186,1.3,20.6,1268637,2293385,3.0553340911865234
kind-worker2,1768909500.255887,1.3,20.6,1268204,2293334,3.779888153076172
kind-worker,1768909500.2571123,1.3,20.6,1269184,2294384,3.618955612182617
kind-worker2,1768909505.2617352,1.5,20.6,1268793,2294375,3.9794445037841797
kind-worker,1768909505.2652671,1.5,20.6,1269731,2295383,3.7009716033935547
kind-worker,1768909508.233025,1.3,20.6,1270320,2296424,21.105527877807617
kind-worker2,1768909508.2325149,1.3,20.6,1269340,2295374,18.924236297607422
kind-worker2,1768909513.2471855,1.2,20.6,1269887,2296373,13.588190078735352
kind-worker,1768909513.2480597,1.2,20.6,1270867,2297423,10.830402374267578
kind-worker,1768909518.252514,1.1,20.6,1271414,2298422,2.9191970825195312
kind-worker2,1768909518.2559597,1.1,20.6,1270476,2297414,2.8150081634521484
kind-worker,1768909523.2633414,2.4,20.4,1271961,2299421,3.573179244995117
kind-worker2,1768909523.2660227,2.4,20.4,1271023,2298413,3.0028820037841797
kind-worker,1768909528.2739902,1.4,20.4,1272550,2300462,3.2029151916503906
kind-worker2,1768909528.2762597,1.4,20.4,1271570,2299412,3.1766891479492188
kind-worker,1768909533.2832897,1.4,20.4,1273097,2301461,3.3309459686279297
kind-worker2,1768909533.2855735,1.4,20.4,1272159,2300453,3.215312957763672
kind-worker,1768909536.185774,1.2,20.4,1273686,2302502,3.329038619995117
kind-worker2,1768909536.1888945,1.2,20.4,1272706,2301452,3.0126571655273438
kind-worker2,1768909541.210883,1.4,20.4,1273253,2302451,15.98501205444336
kind-worker,1768909541.2117047,1.4,20.4,1274233,2303501,19.97995376586914
kind-worker2,1768909546.2281792,1.2,20.4,1273800,2303450,10.740518569946289
kind-worker,1768909546.2288496,1.3,20.4,1274780,2304500,9.668588638305664
kind-worker,1768909551.2371502,1.4,20.4,1275327,2305499,3.137350082397461
kind-worker2,1768909551.240649,1.4,20.4,1274389,2304491,3.484010696411133
kind-worker,1768909556.2482634,1.3,20.4,1275874,2306498,3.0853748321533203
kind-worker2,1768909556.2484162,1.3,20.4,1274936,2305490,3.196239471435547
kind-worker,1768909561.2593935,1.5,20.4,1276463,2307539,4.337549209594727
kind-worker2,1768909561.260084,1.5,20.4,1275525,2306531,3.5800933837890625
kind-worker,1768909566.267869,1.3,20.4,1277010,2308538,3.1099319458007812
kind-worker2,1768909566.2688665,1.3,20.4,1276072,2307530,2.918243408203125
kind-worker,1768909569.3197277,1.3,20.4,1277557,2309537,2.9098987579345703
kind-worker2,1768909569.3232048,1.2,20.4,1276619,2308529,2.8371810913085938
kind-worker2,1768909574.3303502,1.4,20.4,1277166,2309528,3.0951499938964844
kind-worker,1768909574.338189,1.3,20.4,1278104,2310536,12.536764144897461
kind-worker2,1768909579.348185,1.5,20.4,1277713,2310527,3.335237503051758
kind-worker,1768909579.367482,1.5,20.4,1278693,2311577,23.137569427490234
kind-worker2,1768909584.3574698,1.2,20.4,1278344,2311610,4.116058349609375
kind-worker,1768909584.3770688,1.2,20.4,1279282,2312618,3.0508041381835938
kind-worker2,1768909589.3667622,1.5,20.4,1278891,2312609,3.264188766479492
kind-worker,1768909589.3836393,1.5,20.4,1279829,2313617,3.0596256256103516
kind-worker2,1768909594.3779466,1.2,20.4,1279438,2313608,2.9082298278808594
kind-worker,1768909594.3937097,1.1,20.4,1280376,2314616,3.263711929321289
kind-worker2,1768909597.3904579,1.6,20.4,1279985,2314607,3.095388412475586
kind-worker,1768909597.4062712,1.6,20.4,1280923,2315615,3.1173229217529297
kind-worker2,1768909602.398412,1.2,20.4,1280532,2315606,3.335237503051758
kind-worker,1768909602.415659,1.2,20.4,1281470,2316614,2.8553009033203125
kind-worker2,1768909607.4256873,1.4,20.4,1281079,2316605,19.536495208740234
kind-worker,1768909607.4253016,1.4,20.4,1282017,2317613,2.933502197265625
kind-worker,1768909612.435886,1.2,20.4,1282606,2318654,3.201007843017578
kind-worker2,1768909612.4457083,1.2,20.4,1281626,2317604,12.808084487915039
kind-worker,1768909617.445484,1.5,20.4,1283153,2319653,3.046274185180664
kind-worker2,1768909617.459803,1.5,20.4,1282257,2318687,3.3063888549804688
kind-worker,1768909622.4550571,1.2,20.4,1283700,2320652,3.344297409057617
kind-worker2,1768909622.4683797,1.2,20.4,1282804,2319686,2.6285648345947266
kind-worker,1768909627.4615169,1.5,20.4,1284247,2321651,3.537893295288086
kind-worker2,1768909627.4790072,1.6,20.4,1283351,2320685,3.7610530853271484
kind-worker,1768909630.563016,1.2,20.4,1284836,2322692,3.0219554901123047
kind-worker2,1768909630.580202,1.2,20.4,1283898,2321684,2.783536911010742
kind-worker,1768909635.5736184,1.6,20.4,1285383,2323691,3.4165382385253906
kind-worker2,1768909635.5899868,1.6,20.4,1284445,2322683,3.0260086059570312
kind-worker2,1768909640.5965118,1.2,20.4,1284992,2323682,3.3452510833740234
kind-worker,1768909640.5994356,1.1,20.4,1285930,2324690,19.600391387939453
kind-worker,1768909645.6127636,1.6,20.4,1286477,2325689,11.958837509155273
kind-worker2,1768909645.6513965,1.6,20.4,1285539,2324681,3.351449966430664
kind-worker,1768909650.618842,1.2,20.4,1287024,2326688,3.175497055053711
kind-worker2,1768909650.66129,1.2,20.4,1286086,2325680,3.683805465698242
kind-worker,1768909655.6284645,1.5,20.4,1287613,2327729,2.900838851928711
kind-worker2,1768909655.6733265,1.6,20.4,1286717,2326763,3.680706024169922
kind-worker,1768909658.666186,1.1,20.4,1288160,2328728,3.0095577239990234
kind-worker2,1768909658.7140565,1.1,20.4,1287264,2327762,2.927064895629883
kind-worker,1768909663.6757436,1.5,20.4,1288707,2329727,3.154277801513672
kind-worker2,1768909663.7247944,1.5,20.4,1287811,2328761,3.1380653381347656
kind-worker,1768909668.6849694,1.1,20.4,1289254,2330726,3.0913352966308594
kind-worker2,1768909668.737781,1.1,20.4,1288358,2329760,3.0400753021240234
kind-worker,1768909673.7127168,1.6,20.4,1289801,2331725,20.018815994262695
kind-worker2,1768909673.7491562,1.6,20.4,1288905,2330759,3.112316131591797
kind-worker,1768909678.7186024,1.2,20.4,1290390,2332766,2.7265548706054688
kind-worker2,1768909678.7587557,1.3,20.4,1289452,2331758,3.348112106323242
kind-worker,1768909683.7376611,1.3,20.4,1290937,2333765,12.534141540527344
kind-worker2,1768909683.7699096,1.4,20.4,1289999,2332757,3.223419189453125
kind-worker,1768909688.7493083,1.2,20.4,1291484,2334764,4.22358512878418
kind-worker2,1768909688.7835143,1.2,20.4,1290588,2333798,3.8788318634033203
kind-worker,1768909691.7935624,1.3,20.4,1292031,2335763,4.342079162597656
kind-worker2,1768909691.826743,1.3,20.4,1291177,2334839,3.692626953125
kind-worker,1768909696.7984772,1.3,20.4,1292620,2336804,3.7763118743896484
kind-worker2,1768909696.8378267,1.3,20.4,1291724,2335838,4.006862640380859
kind-worker,1768909701.8106225,1.5,20.4,1293167,2337803,4.948616027832031
kind-worker2,1768909701.8498843,1.6,20.4,1292271,2336837,3.917217254638672
kind-worker,1768909706.8216293,1.3,20.4,1293714,2338802,4.151344299316406
kind-worker2,1768909706.8776002,1.3,20.4,1292818,2337836,20.73502540588379
kind-worker,1768909711.8339195,1.7,20.4,1294261,2339801,3.248453140258789
kind-worker2,1768909711.8876526,1.7,20.4,1293365,2338835,3.084421157836914
kind-worker,1768909716.844127,1.3,20.4,1294808,2340800,3.6013126373291016
kind-worker2,1768909716.909299,1.3,20.4,1293912,2339834,11.793851852416992
kind-worker,1768909719.9204223,1.6,20.4,1295355,2341799,2.9594898223876953
kind-worker2,1768909719.9844177,1.6,20.4,1294501,2340875,3.3142566680908203
kind-worker,1768909724.9303448,1.1,20.4,1295944,2342840,4.211187362670898
kind-worker2,1768909725.0025723,1.1,20.4,1295090,2341916,3.3211708068847656
kind-worker,1768909729.9378018,1.7,20.4,1296491,2343839,3.089427947998047
kind-worker2,1768909730.0089035,1.6,20.4,1295637,2342915,2.942323684692383
kind-worker,1768909734.9453793,1.2,20.4,1297038,2344838,3.399372100830078
kind-worker2,1768909735.0177824,1.2,20.4,1296184,2343914,2.952098846435547
kind-worker,1768909739.9601653,1.4,20.4,1297627,2345879,13.367176055908203
kind-worker2,1768909740.0278893,1.3,20.4,1296731,2344913,3.793478012084961
kind-worker,1768909744.9710884,1.2,20.4,1298174,2346878,4.389047622680664
kind-worker2,1768909745.0408354,1.1,20.4,1297278,2345912,4.194021224975586
kind-worker,1768909749.9800215,1.7,20.4,1298721,2347877,3.0088424682617188
kind-worker2,1768909750.0677671,1.7,20.4,1297825,2346911,21.06475830078125
kind-worker,1768909753.0730543,1.2,20.4,1299268,2348876,3.5448074340820312
kind-worker2,1768909753.1617067,1.2,20.4,1298456,2347994,3.7097930908203125
kind-worker,1768909758.0845368,1.5,20.4,1299815,2349875,3.613710403442383
kind-worker2,1768909758.1708217,1.5,20.4,1299003,2348993,3.034830093383789
kind-worker,1768909763.0906808,1.2,20.4,1300362,2350874,3.158092498779297
kind-worker2,1768909763.1840987,1.2,20.4,1299550,2349992,3.451108932495117
kind-worker,1768909768.101383,1.6,20.4,1300909,2351873,3.0739307403564453
kind-worker2,1768909768.1944604,1.6,20.4,1300097,2350991,3.460407257080078
kind-worker,1768909773.1116211,1.1,20.4,1301498,2352914,3.197908401489258
kind-worker2,1768909773.222756,1.1,20.4,1300644,2351990,23.984432220458984
kind-worker,1768909778.1182253,1.6,20.4,1302045,2353913,3.107786178588867
kind-worker2,1768909778.2399738,1.6,20.4,1301191,2352989,3.342866897583008
kind-worker,1768909781.0727735,1.3,20.4,1302634,2354954,12.560606002807617
kind-worker2,1768909781.1863515,1.3,20.4,1301738,2353988,3.0167102813720703
kind-worker,1768909786.0817368,1.9,20.4,1303181,2355953,3.751039505004883
kind-worker2,1768909786.1906035,1.9,20.4,1302285,2354987,3.285646438598633
kind-worker,1768909791.0946207,1.1,20.4,1303728,2356952,3.459930419921875
kind-worker2,1768909791.2003217,1.1,20.4,1302916,2356070,3.1507015228271484
kind-worker,1768909796.1005485,1.4,20.4,1304275,2357951,2.978801727294922
kind-worker2,1768909796.2095218,1.4,20.4,1303463,2357069,2.9268264770507812
kind-worker,1768909801.1066215,1.3,20.4,1304822,2358950,3.542184829711914
kind-worker2,1768909801.224537,1.3,20.4,1304010,2358068,4.60362434387207
kind-worker,1768909806.13352,1.4,20.4,1305369,2359949,20.412921905517578
kind-worker2,1768909806.2347836,1.4,20.4,1304557,2359067,3.779888153076172
kind-worker,1768909808.9831524,1.3,20.4,1305916,2360948,3.1867027282714844
kind-worker2,1768909809.0865993,1.3,20.4,1305104,2360066,3.1499862670898438
kind-worker,1768909814.0076716,1.5,20.4,1306463,2361947,18.616199493408203
kind-worker2,1768909814.0963156,1.5,20.4,1305651,2361065,3.668546676635742
kind-worker,1768909819.0194476,1.2,20.4,1307052,2362988,4.5623779296875
kind-worker2,1768909819.108501,1.2,20.4,1306198,2362064,4.088401794433594
kind-worker,1768909824.0319827,1.5,20.4,1307641,2364029,4.554033279418945
kind-worker2,1768909824.119314,1.5,20.4,1306787,2363105,3.7147998809814453
kind-worker,1768909829.0429688,1.3,20.4,1308188,2365028,4.0988922119140625
kind-worker2,1768909829.1298196,1.3,20.4,1307376,2364146,3.8585662841796875
kind-worker,1768909834.0672433,1.5,20.4,1308735,2366027,14.542579650878906
kind-worker2,1768909834.1472075,1.5,20.4,1307923,2365145,11.319875717163086
kind-worker,1768909839.08177,1.1,20.4,1309282,2367026,4.548549652099609
kind-worker2,1768909839.163509,1.1,20.4,1308470,2366144,4.463911056518555
kind-worker,1768909841.8532102,1.6,20.4,1309829,2368025,4.580259323120117
kind-worker2,1768909841.9333725,1.7,20.4,1309017,2367143,3.503561019897461
kind-worker,1768909846.8588507,1.5,20.4,1310376,2369024,3.0164718627929688
kind-worker2,1768909846.943122,1.4,20.4,1309564,2368142,3.4766197204589844
kind-worker,1768909851.8725314,1.4,20.4,1310923,2370023,4.121303558349609
kind-worker2,1768909851.9527428,1.5,20.4,1310111,2369141,3.439188003540039
kind-worker,1768909856.8823485,1.4,20.4,1311470,2371022,3.036975860595703
kind-worker2,1768909856.9599962,1.4,20.4,1310700,2370182,2.7081966400146484
kind-worker,1768909861.887998,1.5,20.4,1312017,2372021,4.33039665222168
kind-worker2,1768909861.9669952,1.4,20.4,1311289,2371223,3.101348876953125
kind-worker,1768909866.908345,1.1,20.4,1312648,2373104,16.465187072753906
kind-worker2,1768909866.9850125,1.1,20.4,1311836,2372222,11.717557907104492
kind-worker,1768909869.8278558,1.4,20.4,1313195,2374103,4.44793701171875
kind-worker2,1768909869.9002612,1.4,20.4,1312383,2373221,4.255533218383789
kind-worker,1768909874.838637,1.1,20.4,1313742,2375102,3.742218017578125
kind-worker2,1768909874.906058,1.1,20.4,1312930,2374220,3.446340560913086
kind-worker,1768909879.8478737,1.5,20.4,1314289,2376101,3.3006668090820312
kind-worker2,1768909879.9159892,1.5,20.4,1313477,2375219,3.9300918579101562
kind-worker,1768909884.8581264,1.1,20.4,1314836,2377100,3.4987926483154297
kind-worker2,1768909884.9222581,1.1,20.4,1314024,2376218,3.5266876220703125
kind-worker,1768909889.8658342,1.4,20.4,1315383,2378099,3.064870834350586
kind-worker2,1768909889.9317188,1.4,20.4,1314613,2377259,3.3075809478759766
kind-worker,1768909894.8743255,1.2,20.4,1315930,2379098,2.6977062225341797
kind-worker2,1768909894.9362953,1.2,20.4,1315202,2378300,2.7964115142822266
kind-worker,1768909899.9004455,1.5,20.4,1316477,2380097,19.82426643371582
kind-worker2,1768909899.9595628,1.5,20.4,1315749,2379299,18.909454345703125
kind-worker,1768909902.8020961,1.2,20.4,1317024,2381096,2.8886795043945312
kind-worker2,1768909902.8655539,1.2,20.4,1316296,2380298,3.678560256958008
kind-worker,1768909907.8124566,1.5,20.4,1317571,2382095,3.8237571716308594
kind-worker2,1768909907.8718045,1.5,20.4,1316843,2381297,3.2422542572021484
kind-worker,1768909912.822878,1.2,20.4,1318202,2383178,3.719806671142578
kind-worker2,1768909912.8842404,1.2,20.4,1317390,2382296,3.7641525268554688
kind-worker,1768909917.8283238,1.4,20.4,1318749,2384177,3.12042236328125
kind-worker2,1768909917.8915348,1.3,20.4,1317937,2383295,3.055572509765625
kind-worker,1768909922.8377843,1.2,20.4,1319296,2385176,3.2324790954589844
kind-worker2,1768909922.9022126,1.1,20.4,1318484,2384294,3.2320022583007812
kind-worker,1768909927.842613,1.3,20.4,1319843,2386175,3.6728382110595703
kind-worker2,1768909927.911793,1.3,20.4,1319031,2385293,3.4637451171875
kind-worker,1768909930.572931,1.1,20.4,1320390,2387174,10.82468032836914
kind-worker2,1768909930.6397986,1.1,20.4,1319662,2386376,3.144502639770508
kind-worker,1768909935.5956438,1.5,20.4,1320937,2388173,18.207311630249023
kind-worker2,1768909935.6489973,1.5,20.4,1320209,2387375,3.164052963256836
kind-worker,1768909940.6064823,1.3,20.4,1321484,2389172,4.032373428344727
kind-worker2,1768909940.6560128,1.3,20.4,1320756,2388374,3.6449432373046875
kind-worker,1768909945.6114416,1.5,20.4,1322031,2390171,2.8929710388183594
kind-worker2,1768909945.6697638,1.5,20.4,1321303,2389373,4.787445068359375
kind-worker,1768909950.6222856,1.3,20.4,1322578,2391170,4.027843475341797
kind-worker2,1768909950.675525,1.3,20.4,1321850,2390372,3.547191619873047
kind-worker,1768909955.6334617,1.7,20.4,1323167,2392211,4.097461700439453
kind-worker2,1768909955.6844897,1.7,20.4,1322397,2391371,2.9604434967041016
kind-worker,1768909960.6495621,1.3,20.4,1323756,2393252,13.503313064575195
kind-worker2,1768909960.693493,1.3,20.4,1322944,2392370,2.9387474060058594
kind-worker,1768909963.4008899,1.4,20.4,1324303,2394251,4.277706146240234
kind-worker2,1768909963.4434872,1.4,20.4,1323491,2393369,3.7317276000976562
kind-worker,1768909968.4152076,1.4,20.4,1324850,2395250,12.555122375488281
kind-worker2,1768909968.4544039,1.4,20.4,1324080,2394410,4.080772399902344
kind-worker,1768909973.423183,1.5,20.4,1325397,2396249,3.487825393676758
kind-worker2,1768909973.4615476,1.5,20.4,1324669,2395451,3.6554336547851562
kind-worker,1768909978.4296145,1.3,20.4,1325944,2397248,3.526449203491211
kind-worker2,1768909978.4721887,1.2,20.4,1325216,2396450,4.302740097045898
kind-worker,1768909983.4397223,1.4,20.4,1326491,2398247,3.557920455932617
kind-worker2,1768909983.4766364,1.5,20.4,1325763,2397449,2.9592514038085938
kind-worker,1768909988.4502208,1.3,20.4,1327038,2399246,3.846883773803711
kind-worker2,1768909988.4856296,1.3,20.4,1326310,2398448,3.7076473236083984
kind-worker,1768909991.5291028,1.3,20.4,1327585,2400245,2.9668807983398438
kind-worker2,1768909991.5611641,1.3,20.4,1326857,2399447,3.2532215118408203
kind-worker,1768909996.540077,1.2,20.4,1328174,2401286,4.282951354980469
kind-worker2,1768909996.579623,1.3,20.4,1327404,2400446,12.192249298095703
kind-worker,1768910001.5497549,1.2,20.4,1328721,2402285,3.0744075775146484
kind-worker2,1768910001.5896358,1.2,20.4,1327951,2401445,3.5626888275146484
kind-worker,1768910006.5568552,1.2,20.4,1329310,2403326,3.0739307403564453
kind-worker2,1768910006.6166875,1.2,20.4,1328498,2402444,20.09725570678711
kind-worker,1768910011.5675359,1.5,20.4,1329857,2404325,4.297494888305664
kind-worker2,1768910011.6280043,1.5,20.4,1329087,2403485,4.387140274047852
kind-worker,1768910016.5788715,1.3,20.4,1330404,2405324,4.404306411743164
kind-worker2,1768910016.6395428,1.3,20.4,1329676,2404526,4.732608795166016
kind-worker,1768910019.1599014,1.6,20.4,1330951,2406323,3.9739608764648438
kind-worker2,1768910019.2173738,1.5,20.4,1330223,2405525,4.455804824829102
kind-worker,1768910024.1711206,1.2,20.4,1331498,2407322,3.754138946533203
kind-worker2,1768910024.2297516,1.2,20.4,1330770,2406524,4.187583923339844
kind-worker,1768910029.1994677,1.5,20.4,1332045,2408321,19.04010772705078
kind-worker2,1768910029.2385197,1.5,20.4,1331317,2407523,4.069805145263672
kind-worker,1768910034.2052257,1.1,20.4,1332592,2409320,3.640413284301758
kind-worker2,1768910034.2493448,1.1,20.4,1331864,2408522,4.0149688720703125
kind-worker,1768910039.213094,1.5,20.4,1333181,2410361,3.4646987915039062
kind-worker2,1768910039.2625275,1.5,20.4,1332411,2409521,11.767387390136719
kind-worker,1768910044.224902,1.0,20.4,1333728,2411360,3.8247108459472656
kind-worker2,1768910044.2683964,1.0,20.4,1332958,2410520,3.519773483276367
kind-worker,1768910049.2345448,1.2,20.4,1334317,2412401,3.3915042877197266
kind-worker2,1768910049.2785199,1.2,20.4,1333505,2411519,3.3020973205566406
kind-worker,1768910052.168955,1.2,20.4,1334864,2413400,3.9370059967041016
kind-worker2,1768910052.2105746,1.2,20.4,1334094,2412560,3.3638477325439453
kind-worker,1768910057.1776493,1.4,20.4,1335411,2414399,2.7937889099121094
kind-worker2,1768910057.220308,1.4,20.4,1334683,2413601,2.942800521850586
kind-worker,1768910062.1864898,1.3,20.4,1335958,2415398,3.3540725708007812
kind-worker2,1768910062.22521,1.3,20.4,1335230,2414600,3.0417442321777344
kind-worker,1768910067.1928205,1.5,20.4,1336575,2416397,4.127264022827148
kind-worker2,1768910067.2294877,1.5,20.4,1335777,2415599,3.1108856201171875
kind-worker,1768910072.2195694,1.2,20.4,1337122,2417396,21.817922592163086
kind-worker2,1768910072.2430437,1.2,20.4,1336324,2416598,11.527538299560547
kind-worker,1768910077.2288125,1.4,20.4,1337669,2418395,4.155874252319336
kind-worker2,1768910077.2498806,1.5,20.4,1336871,2417597,2.7954578399658203
kind-worker,1768910080.1176898,1.5,20.4,1338258,2419436,3.542661666870117
kind-worker2,1768910080.1366765,1.5,20.4,1337418,2418596,2.9058456420898438
kind-worker,1768910085.1282146,1.3,20.4,1338805,2420435,2.945423126220703
kind-worker2,1768910085.1405163,1.3,20.4,1337965,2419595,2.8154850006103516
kind-worker,1768910090.138113,1.1,20.4,1339352,2421434,2.833127975463867
kind-worker2,1768910090.1485648,1.1,20.4,1338512,2420594,2.724885940551758
kind-worker,1768910095.1450517,1.2,20.4,1339899,2422433,2.9659271240234375
kind-worker2,1768910095.1575606,1.2,20.4,1339101,2421635,2.832651138305664
kind-worker,1768910100.152092,1.1,20.4,1340488,2423474,3.030538558959961
kind-worker2,1768910100.1645923,1.1,20.4,1339690,2422676,2.736806869506836
kind-worker,1768910105.1647654,1.3,20.4,1341035,2424473,10.709524154663086
kind-worker2,1768910105.1724772,1.3,20.4,1340237,2423675,2.8884410858154297
kind-worker2,1768910110.1807961,1.1,20.4,1340784,2424674,2.897977828979492
kind-worker,1768910110.1858735,1.2,20.4,1341582,2425472,14.404773712158203
kind-worker2,1768910113.0809417,1.4,20.4,1341331,2425673,3.3223628997802734
kind-worker,1768910113.087327,1.4,20.4,1342129,2426471,2.747774124145508
kind-worker2,1768910118.0910826,1.3,20.4,1341878,2426672,3.545522689819336
kind-worker,1768910118.0953016,1.3,20.4,1342676,2427470,2.8276443481445312
kind-worker2,1768910123.100724,1.6,20.4,1342425,2427671,3.285646438598633
kind-worker,1768910123.1004744,1.6,20.4,1343265,2428511,3.0367374420166016
kind-worker2,1768910128.1098857,1.1,20.4,1342972,2428670,2.8133392333984375
kind-worker,1768910128.1097734,1.1,20.4,1343812,2429510,2.9914379119873047
kind-worker2,1768910133.120335,1.3,20.4,1343519,2429669,3.4589767456054688
kind-worker,1768910133.1226573,1.3,20.4,1344359,2430509,3.374814987182617
kind-worker2,1768910138.1309292,1.1,20.4,1344108,2430710,3.9589405059814453
kind-worker,1768910138.1483128,1.1,20.4,1344906,2431508,18.923521041870117
kind-worker2,1768910140.9944057,1.3,20.4,1344697,2431751,13.820409774780273
kind-worker,1768910140.9972556,1.3,20.4,1345453,2432507,2.9418468475341797
kind-worker2,1768910146.0042777,1.3,20.4,1345244,2432750,3.313779830932617
kind-worker,1768910146.0069718,1.3,20.4,1346042,2433548,3.008604049682617
kind-worker2,1768910151.0140758,1.6,20.4,1345791,2433749,3.688812255859375
kind-worker,1768910151.0171497,1.6,20.4,1346589,2434547,3.239154815673828
kind-worker2,1768910156.02433,1.1,20.4,1346338,2434748,3.980875015258789
kind-worker,1768910156.0304341,1.1,20.4,1347136,2435546,2.8901100158691406
kind-worker2,1768910161.0358162,1.3,20.4,1346885,2435747,3.5066604614257812
kind-worker,1768910161.0437586,1.4,20.4,1347683,2436545,2.881288528442383
kind-worker2,1768910166.0481179,1.3,20.4,1347432,2436746,3.8907527923583984
kind-worker,1768910166.0594902,1.3,20.4,1348272,2437586,3.1883716583251953
kind-worker2,1768910171.070075,1.5,20.4,1347979,2437745,18.1427001953125
kind-worker,1768910171.0759888,1.5,20.4,1348819,2438585,9.906768798828125
kind-worker2,1768910173.9536324,1.3,20.4,1348526,2438744,3.278017044067383
kind-worker,1768910173.959784,1.2,20.4,1349366,2439584,2.988576889038086
kind-worker2,1768910178.9642873,1.6,20.4,1349115,2439785,3.741741180419922
kind-worker,1768910178.9685807,1.6,20.4,1349913,2440583,2.5832653045654297
kind-worker2,1768910183.973947,1.1,20.4,1349704,2440826,3.2227039337158203
kind-worker,1768910183.9897366,1.1,20.4,1350460,2441582,3.1867027282714844
kind-worker2,1768910188.9798102,1.5,20.4,1350251,2441825,4.332065582275391
kind-worker,1768910188.9994562,1.5,20.4,1351007,2442581,3.5278797149658203
kind-worker2,1768910193.9905457,1.4,20.4,1350798,2442824,3.33404541015625
kind-worker,1768910194.0090528,1.4,20.4,1351596,2443622,3.032207489013672
kind-worker2,1768910198.9957542,1.5,20.4,1351345,2443823,3.2567977905273438
kind-worker,1768910199.017675,1.5,20.4,1352143,2444621,3.2181739807128906
kind-worker2,1768910201.8323262,1.2,20.4,1351892,2444822,11.463403701782227
kind-worker,1768910201.8427455,1.2,20.4,1352690,2445620,2.8007030487060547
kind-worker,1768910206.850802,1.4,20.4,1353279,2446661,3.033161163330078
kind-worker2,1768910206.8593762,1.4,20.4,1352481,2445863,19.629716873168945
kind-worker,1768910211.8592403,1.1,20.4,1353826,2447660,3.728151321411133
kind-worker2,1768910211.8636923,1.1,20.4,1353070,2446904,3.032684326171875
kind-worker,1768910216.871867,1.3,20.4,1354373,2448659,3.412961959838867
kind-worker2,1768910216.8743832,1.3,20.4,1353617,2447903,3.025531768798828
kind-worker,1768910221.8818913,1.3,20.4,1354920,2449658,3.6618709564208984
kind-worker2,1768910221.8832994,1.3,20.4,1354164,2448902,3.207683563232422
kind-worker,1768910226.8892787,1.4,20.4,1355467,2450657,4.233837127685547
kind-worker2,1768910226.8928006,1.4,20.4,1354711,2449901,3.406047821044922
kind-worker2,1768910231.8988492,1.2,20.4,1355300,2450942,2.941608428955078
kind-worker,1768910231.9055338,1.2,20.4,1356056,2451698,11.922121047973633
kind-worker2,1768910234.796738,1.6,20.4,1355847,2451941,3.693103790283203
kind-worker,1768910234.7985098,1.6,20.4,1356603,2452697,2.850055694580078
kind-worker2,1768910239.8283384,1.5,20.4,1356394,2452940,22.46713638305664
kind-worker,1768910239.8290503,1.5,20.4,1357150,2453696,23.286104202270508
kind-worker2,1768910244.8342855,1.5,20.4,1356983,2453981,4.190206527709961
kind-worker,1768910244.8366492,1.5,20.4,1357697,2454695,3.8449764251708984
kind-worker2,1768910249.8461509,1.4,20.4,1357530,2454980,4.408359527587891
kind-worker,1768910249.847492,1.4,20.4,1358286,2455736,3.1473636627197266
kind-worker2,1768910254.8577485,1.6,20.4,1358077,2455979,4.792690277099609
kind-worker,1768910254.8594573,1.6,20.4,1358833,2456735,3.1707286834716797
kind-worker,1768910259.8700764,1.4,20.4,1359380,2457734,3.9072036743164062
kind-worker2,1768910259.8696632,1.4,20.4,1358666,2457020,4.810571670532227
kind-worker2,1768910262.6510804,1.6,20.4,1359213,2458019,3.361225128173828
kind-worker,1768910262.6523173,1.6,20.4,1359927,2458733,2.985239028930664
kind-worker2,1768910267.6605752,1.2,20.4,1359760,2459018,3.1604766845703125
kind-worker,1768910267.6607049,1.2,20.4,1360474,2459732,3.3321380615234375
kind-worker,1768910272.682728,1.5,20.4,1361063,2460773,15.73491096496582
kind-worker2,1768910272.6834931,1.5,20.4,1360307,2460017,16.002178192138672
kind-worker2,1768910277.6936219,1.1,20.4,1360896,2461058,4.034280776977539
kind-worker,1768910277.6933753,1.1,20.4,1361610,2461772,2.8629302978515625
kind-worker,1768910282.7037246,1.3,20.4,1362157,2462771,3.271341323852539
kind-worker2,1768910282.7043235,1.3,20.4,1361485,2462099,2.7968883514404297
kind-worker,1768910287.7125423,1.2,20.4,1362704,2463770,3.2541751861572266
kind-worker2,1768910287.7139628,1.2,20.4,1362032,2463098,2.948760986328125
kind-worker,1768910290.5883362,1.5,20.4,1363293,2464811,3.9398670196533203
kind-worker2,1768910290.5944104,1.5,20.4,1362579,2464097,2.7463436126708984
kind-worker,1768910295.5979953,1.4,20.4,1363840,2465810,3.1080245971679688
kind-worker2,1768910295.601626,1.3,20.4,1363126,2465096,2.9685497283935547
kind-worker,1768910300.60845,1.3,20.4,1364387,2466809,3.8061141967773438
kind-worker2,1768910300.6099925,1.3,20.4,1363673,2466095,3.8568973541259766
kind-worker,1768910305.6238735,1.4,20.4,1364934,2467808,13.051748275756836
kind-worker2,1768910305.6245892,1.4,20.4,1364220,2467094,13.17286491394043
kind-worker,1768910310.6319013,1.4,20.4,1365481,2468807,3.9937496185302734
kind-worker2,1768910310.6354587,1.4,20.4,1364809,2468135,3.2241344451904297
kind-worker,1768910315.6433227,1.4,20.4,1366070,2469848,4.131317138671875
kind-worker2,1768910315.6454165,1.4,20.4,1365398,2469176,3.017425537109375
kind-worker,1768910320.6559522,1.4,20.4,1366617,2470847,4.103660583496094
kind-worker2,1768910320.656559,1.4,20.4,1365945,2470175,3.8635730743408203
kind-worker2,1768910323.487786,1.1,20.4,1366492,2471174,3.9565563201904297
kind-worker,1768910323.4875948,1.1,20.4,1367164,2471846,3.9703845977783203
kind-worker,1768910328.4974403,1.4,20.4,1367711,2472845,3.7233829498291016
kind-worker2,1768910328.4970338,1.4,20.4,1367039,2472173,3.122568130493164
kind-worker,1768910333.503283,1.2,20.4,1368300,2473886,4.143714904785156
kind-worker2,1768910333.504142,1.2,20.4,1367628,2473214,3.0875205993652344
kind-worker,1768910338.5271382,1.3,20.4,1368847,2474885,20.533084869384766
kind-worker2,1768910338.527653,1.3,20.4,1368175,2474213,21.128416061401367
kind-worker,1768910343.5382633,1.5,20.4,1369394,2475884,3.6203861236572266
kind-worker2,1768910343.548482,1.5,20.4,1368722,2475212,15.498161315917969
kind-worker,1768910348.5478077,1.7,20.4,1369941,2476883,4.083871841430664
kind-worker2,1768910348.5543048,1.7,20.4,1369311,2476253,2.7747154235839844
kind-worker,1768910351.4071708,1.2,20.4,1370488,2477882,3.6864280700683594
kind-worker2,1768910351.4154882,1.2,20.4,1369858,2477252,3.286123275756836
kind-worker2,1768910356.4204326,1.5,20.4,1370447,2478293,3.5135746002197266
kind-worker,1768910356.4195323,1.5,20.4,1371077,2478923,4.680395126342773
kind-worker2,1768910361.4253747,1.2,20.4,1370994,2479292,3.754138946533203
kind-worker,1768910361.4282935,1.2,20.4,1371624,2479922,3.474712371826172
kind-worker,1768910366.43537,1.4,20.4,1372171,2480921,3.4880638122558594
kind-worker2,1768910366.435378,1.4,20.4,1371541,2480291,3.5767555236816406
kind-worker,1768910371.448346,1.3,20.4,1372718,2481920,4.202842712402344
kind-worker2,1768910371.4497728,1.3,20.4,1372088,2481290,3.883838653564453
kind-worker2,1768910376.475267,1.6,20.4,1372635,2482289,18.824100494384766
kind-worker,1768910376.4759045,1.6,20.4,1373307,2482961,18.99576187133789
kind-worker2,1768910381.483629,1.2,20.4,1373224,2483330,3.874063491821289
kind-worker,1768910381.4857392,1.2,20.4,1373854,2483960,2.982616424560547
kind-worker,1768910384.2581296,1.5,20.4,1374401,2484959,3.7539005279541016
kind-worker2,1768910384.2582796,1.5,20.4,1373813,2484371,3.7157535552978516
kind-worker,1768910389.262422,1.3,20.4,1374948,2485958,3.117084503173828
kind-worker2,1768910389.266057,1.3,20.4,1374360,2485370,2.828836441040039
kind-worker,1768910394.272302,1.6,20.4,1375495,2486957,3.004789352416992
kind-worker2,1768910394.2751312,1.6,20.4,1374907,2486369,2.954244613647461
kind-worker,1768910399.2788985,1.2,20.4,1376084,2487998,3.304004669189453
kind-worker2,1768910399.284053,1.2,20.4,1375454,2487368,2.610445022583008
kind-worker,1768910404.2892091,1.5,20.4,1376631,2488997,3.4220218658447266
kind-worker2,1768910404.2942896,1.6,20.4,1376001,2488367,2.8488636016845703
kind-worker2,1768910409.3064904,1.3,20.4,1376590,2489408,10.679244995117188
kind-worker,1768910409.3073802,1.3,20.4,1377178,2489996,11.548995971679688
kind-worker,1768910412.1751792,1.5,20.5,1377725,2490995,3.0384063720703125
kind-worker2,1768910412.1923873,1.5,20.5,1377179,2490449,21.88730239868164
kind-worker,1768910417.1841023,1.4,20.5,1378314,2492036,2.954244613647461
kind-worker2,1768910417.2002337,1.4,20.5,1377726,2491448,2.7959346771240234
kind-worker,1768910422.193659,1.4,20.5,1378861,2493035,3.285646438598633
kind-worker2,1768910422.20934,1.4,20.5,1378273,2492447,2.993345260620117
kind-worker,1768910427.198341,1.2,20.5,1379408,2494034,3.2262802124023438
kind-worker2,1768910427.219187,1.2,20.5,1378820,2493446,3.5338401794433594
kind-worker,1768910432.209815,1.5,20.5,1379955,2495033,3.7603378295898438
kind-worker2,1768910432.2466693,1.5,20.5,1379367,2494445,20.45154571533203
kind-worker,1768910437.2178993,1.2,20.5,1380502,2496032,2.8655529022216797
kind-worker2,1768910437.276276,1.2,20.5,1379956,2495486,20.748376846313477
kind-worker,1768910442.2293005,1.5,20.4,1381091,2497073,4.04667854309082
kind-worker2,1768910442.2851846,1.5,20.4,1380503,2496485,3.7086009979248047
kind-worker,1768910445.0890164,1.5,20.4,1381638,2498072,28.614521026611328
kind-worker2,1768910445.1177137,1.5,20.4,1381050,2497484,3.0791759490966797
kind-worker,1768910450.0996163,1.4,20.5,1382185,2499071,4.150629043579102
kind-worker2,1768910450.1283882,1.4,20.5,1381639,2498525,3.846406936645508
kind-worker,1768910455.1057947,1.1,20.5,1382732,2500070,4.3544769287109375
kind-worker2,1768910455.134788,1.1,20.5,1382186,2499524,3.876209259033203
kind-worker,1768910460.115962,1.7,20.5,1383321,2501111,3.3004283905029297
kind-worker2,1768910460.1403792,1.7,20.5,1382775,2500565,2.894163131713867
kind-worker,1768910465.1254184,1.3,20.5,1383868,2502110,3.726959228515625
kind-worker2,1768910465.1495757,1.3,20.5,1383322,2501564,3.0527114868164062
kind-worker,1768910470.1530359,1.4,20.5,1384415,2503109,20.93052864074707
kind-worker2,1768910470.1598792,1.4,20.5,1383869,2502563,2.742767333984375
kind-worker,1768910473.0410988,1.2,20.5,1384962,2504108,3.7758350372314453
kind-worker2,1768910473.047912,1.2,20.5,1384416,2503562,2.8772354125976562
kind-worker2,1768910478.056981,1.4,20.5,1384963,2504561,2.949237823486328
kind-worker,1768910478.0616689,1.4,20.5,1385509,2505107,18.072128295898438
kind-worker2,1768910483.0676908,1.4,20.5,1385510,2505560,3.924131393432617
kind-worker,1768910483.0711455,1.4,20.5,1386098,2506148,3.2567977905273438
kind-worker2,1768910488.0771859,1.4,20.5,1386099,2506601,2.9931068420410156
kind-worker,1768910488.0805469,1.4,20.5,1386645,2507147,2.8400421142578125
kind-worker2,1768910493.0865438,1.1,20.5,1386688,2507642,3.2100677490234375
kind-worker,1768910493.0882344,1.1,20.5,1387192,2508146,2.869129180908203
kind-worker,1768910498.0920286,1.4,20.5,1387739,2509145,2.714872360229492
kind-worker2,1768910498.095398,1.4,20.5,1387235,2508641,2.7625560760498047
kind-worker,1768910500.943004,1.4,20.4,1388328,2510186,11.318445205688477
kind-worker2,1768910500.9437535,1.4,20.4,1387782,2509640,12.277364730834961
kind-worker,1768910505.9527445,1.5,20.4,1388875,2511185,2.9518604278564453
kind-worker2,1768910505.9541204,1.5,20.4,1388329,2510639,3.0548572540283203
kind-worker,1768910510.9816625,1.1,20.5,1389422,2512184,21.768808364868164
kind-worker2,1768910510.9823244,1.1,20.5,1388876,2511638,20.738601684570312
kind-worker,1768910515.9910817,1.6,20.5,1390011,2513225,3.1151771545410156
kind-worker2,1768910516.0079498,1.5,20.5,1389465,2512679,3.108501434326172
kind-worker,1768910520.995593,1.3,20.5,1390558,2514224,3.232717514038086
kind-worker2,1768910521.0177968,1.3,20.5,1390012,2513678,2.8848648071289062
kind-worker,1768910526.0051558,1.3,20.5,1391147,2515265,2.9914379119873047
kind-worker2,1768910526.0280168,1.4,20.5,1390559,2514677,3.0031204223632812
kind-worker,1768910531.0311093,1.2,20.5,1391694,2516264,21.03257179260254
kind-worker2,1768910531.036798,1.2,20.5,1391106,2515676,2.8247833251953125
kind-worker,1768910533.7834725,1.4,20.5,1392241,2517263,3.8671493530273438
kind-worker2,1768910533.7927759,1.3,20.5,1391695,2516717,2.6254653930664062
kind-worker,1768910538.7914433,1.4,20.5,1392788,2518262,3.6306381225585938
kind-worker2,1768910538.801412,1.5,20.5,1392242,2517716,2.8259754180908203
kind-worker,1768910543.8009708,1.2,20.5,1393335,2519261,2.9442310333251953
kind-worker2,1768910543.8160062,1.2,20.5,1392831,2518757,12.749671936035156
kind-worker,1768910548.8154078,1.2,20.5,1393966,2520344,3.3948421478271484
kind-worker2,1768910548.8211806,1.2,20.5,1393378,2519756,3.1423568725585938
kind-worker,1768910553.8218186,1.3,20.5,1394513,2521343,2.9172897338867188
kind-worker2,1768910553.8296375,1.3,20.5,1393925,2520755,2.9337406158447266
kind-worker,1768910558.8328602,1.3,20.5,1395060,2522342,3.307819366455078
kind-worker2,1768910558.836421,1.2,20.5,1394472,2521754,3.1175613403320312
kind-worker2,1768910561.6337388,1.2,20.5,1395019,2522753,3.0803680419921875
kind-worker,1768910561.649266,1.2,20.5,1395607,2523341,22.82428741455078
kind-worker2,1768910566.6398153,1.4,20.5,1395608,2523794,2.8831958770751953
kind-worker,1768910566.658619,1.5,20.5,1396196,2524382,2.9959678649902344
kind-worker2,1768910571.6493394,1.3,20.5,1396155,2524793,3.4513473510742188
kind-worker,1768910571.6627202,1.3,20.5,1396743,2525381,2.9664039611816406
kind-worker2,1768910576.6669233,1.3,20.5,1396744,2525834,3.7505626678466797
kind-worker,1768910576.686035,1.3,20.5,1397290,2526380,20.67875862121582
kind-worker2,1768910581.6786516,1.3,20.5,1397291,2526833,3.873109817504883
kind-worker,1768910581.69515,1.3,20.5,1397879,2527421,2.783536911010742
kind-worker2,1768910586.6881127,1.3,20.5,1397838,2527832,3.169536590576172
kind-worker,1768910586.7050564,1.3,20.5,1398426,2528420,3.4584999084472656
kind-worker2,1768910591.7114632,1.2,20.5,1398385,2528831,18.480777740478516
kind-worker,1768910591.7123847,1.2,20.5,1398973,2529419,3.1447410583496094
kind-worker,1768910594.5543425,1.3,20.5,1399562,2530460,3.9072036743164062
kind-worker2,1768910594.5574005,1.4,20.5,1398932,2529830,3.153562545776367
kind-worker2,1768910599.566025,1.2,20.5,1399521,2530871,3.337383270263672
kind-worker,1768910599.566093,1.2,20.5,1400109,2531459,3.548860549926758
kind-worker,1768910604.5773034,1.3,20.5,1400656,2532458,4.404544830322266
kind-worker2,1768910604.582127,1.3,20.5,1400068,2531870,3.4902095794677734
kind-worker,1768910609.5823555,1.2,20.5,1401203,2533457,3.0455589294433594
kind-worker2,1768910609.592614,1.3,20.5,1400615,2532869,2.790689468383789
kind-worker,1768910614.593187,1.4,20.5,1401792,2534498,3.435373306274414
kind-worker2,1768910614.6014667,1.4,20.5,1401162,2533868,2.814769744873047
kind-worker,1768910619.6035478,1.4,20.5,1402381,2535539,2.8276443481445312
kind-worker2,1768910619.6228268,1.4,20.5,1401751,2534909,15.356063842773438
kind-worker,1768910622.4024866,1.7,20.5,1402928,2536538,3.3528804779052734
kind-worker2,1768910622.4260113,1.7,20.5,1402298,2535908,10.879039764404297
kind-worker,1768910627.411597,1.3,20.5,1403475,2537537,3.1120777130126953
kind-worker2,1768910627.4351723,1.4,20.5,1402887,2536949,3.1876564025878906
kind-worker,1768910632.422668,1.3,20.5,1404022,2538536,4.157543182373047
kind-worker2,1768910632.4425337,1.2,20.5,1403434,2537948,2.9671192169189453
kind-worker,1768910637.4337654,1.3,20.5,1404569,2539535,3.7529468536376953
kind-worker2,1768910637.4524891,1.4,20.5,1403981,2538947,2.8181076049804688
kind-worker,1768910642.4437869,1.5,20.5,1405158,2540576,3.2074451446533203
kind-worker2,1768910642.4625742,1.5,20.5,1404528,2539946,3.1366348266601562
kind-worker,1768910647.4486732,1.1,20.5,1405747,2541617,3.711700439453125
kind-worker2,1768910647.4731228,1.1,20.5,1405075,2540945,3.0641555786132812
kind-worker,1768910652.4731565,1.2,20.5,1406294,2542616,18.54252815246582
kind-worker2,1768910652.4810138,1.2,20.5,1405622,2541944,2.541780471801758
kind-worker,1768910655.2981553,1.4,20.5,1406841,2543615,3.5026073455810547
kind-worker2,1768910655.3111072,1.4,20.5,1406211,2542985,10.796785354614258
kind-worker,1768910660.3076818,1.2,20.5,1407388,2544614,3.587007522583008
kind-worker2,1768910660.318999,1.2,20.5,1406800,2544026,3.0553340911865234
kind-worker,1768910665.3180265,1.2,20.5,1407977,2545655,3.027677536010742
kind-worker2,1768910665.328156,1.3,20.5,1407347,2545025,2.9380321502685547
kind-worker,1768910670.3291001,1.3,20.5,1408524,2546654,4.013538360595703
kind-worker2,1768910670.334154,1.3,20.5,1407894,2546024,3.587961196899414
kind-worker,1768910675.339086,1.3,20.5,1409071,2547653,3.295421600341797
kind-worker2,1768910675.3399665,1.3,20.5,1408441,2547023,4.021406173706055
kind-worker,1768910680.349996,1.4,20.5,1409660,2548694,3.3075809478759766
kind-worker2,1768910680.3497581,1.4,20.5,1408988,2548022,3.07464599609375
kind-worker,1768910683.087347,1.4,20.5,1410207,2549693,17.695188522338867
kind-worker2,1768910683.0884776,1.4,20.5,1409577,2549063,16.925334930419922
kind-worker2,1768910688.0990329,1.4,20.5,1410124,2550062,3.212451934814453
kind-worker,1768910688.1143577,1.4,20.5,1410796,2550734,20.449399948120117
kind-worker2,1768910693.107151,1.1,20.5,1410671,2551061,2.8684139251708984
kind-worker,1768910693.1238751,1.2,20.5,1411343,2551733,3.4821033477783203
kind-worker2,1768910698.1201406,1.2,20.5,1411218,2552060,3.467559814453125
kind-worker,1768910698.1313822,1.2,20.5,1411890,2552732,3.3426284790039062
kind-worker2,1768910703.1264617,1.2,20.5,1411807,2553101,2.9053688049316406
kind-worker,1768910703.1407068,1.2,20.5,1412437,2553731,3.044605255126953
kind-worker2,1768910708.136034,1.7,20.5,1412354,2554100,3.8194656372070312
kind-worker,1768910708.1506217,1.7,20.5,1412984,2554730,3.701448440551758
kind-worker2,1768910711.1859112,1.5,20.5,1412943,2555141,2.86102294921875
kind-worker,1768910711.200757,1.5,20.5,1413615,2555813,2.9659271240234375
kind-worker,1768910716.2101088,1.3,20.5,1414162,2556812,3.423929214477539
kind-worker2,1768910716.2114427,1.3,20.5,1413490,2556140,19.301652908325195
kind-worker,1768910721.220032,1.3,20.5,1414709,2557811,4.016876220703125
kind-worker2,1768910721.221803,1.3,20.5,1414037,2557139,3.364086151123047
kind-worker2,1768910726.2267907,1.4,20.5,1414584,2558138,3.679990768432617
kind-worker,1768910726.2497828,1.4,20.5,1415256,2558810,20.31731605529785
kind-worker2,1768910731.2377698,1.4,20.5,1415131,2559137,3.9703845977783203
kind-worker,1768910731.25589,1.4,20.5,1415803,2559809,3.0164718627929688
kind-worker2,1768910736.2420003,1.4,20.5,1415678,2560136,3.087759017944336
kind-worker,1768910736.2639728,1.4,20.5,1416392,2560850,3.1321048736572266
kind-worker2,1768910741.2526546,1.7,20.5,1416267,2561177,3.322124481201172
kind-worker,1768910741.2712753,1.7,20.5,1416939,2561849,2.997875213623047
kind-worker2,1768910744.038198,1.2,20.5,1416856,2562218,2.9964447021484375
kind-worker,1768910744.057995,1.2,20.5,1417528,2562890,3.6203861236572266
kind-worker,1768910749.0893397,1.4,20.5,1418075,2563889,24.286270141601562
kind-worker2,1768910749.092288,1.4,20.5,1417403,2563217,46.56052589416504
kind-worker,1768910754.099494,2.2,20.5,1418622,2564888,4.717826843261719
kind-worker2,1768910754.1027963,2.2,20.5,1417950,2564216,4.079341888427734
kind-worker,1768910759.1851654,1.5,20.5,1419169,2565887,78.50837707519531
kind-worker2,1768910759.1949484,1.5,20.5,1418497,2565215,85.6928825378418
kind-worker,1768910764.1979053,1.9,20.5,1419716,2566886,4.484415054321289
kind-worker2,1768910764.2038786,1.9,20.5,1419044,2566214,4.386663436889648
kind-worker2,1768910769.2103412,2.1,20.5,1419591,2567213,3.9353370666503906
kind-worker,1768910769.210015,2.1,20.5,1420305,2567927,4.780292510986328
kind-worker2,1768910772.0574198,6.5,20.8,1420138,2568212,4.847049713134766
kind-worker,1768910772.0637429,6.5,20.8,1420852,2568926,4.660844802856445
kind-worker2,1768910777.068731,2.8,20.7,1420727,2569253,4.35185432434082
kind-worker,1768910777.0746818,2.8,20.7,1421399,2569925,4.298925399780273
kind-worker,1768910782.0856748,1.9,20.7,1421946,2570924,4.391670227050781
kind-worker2,1768910782.1553657,1.9,20.7,1421274,2570252,79.5440673828125
kind-worker,1768910787.091074,2.0,20.7,1422535,2571965,3.3562183380126953
kind-worker2,1768910787.1663198,2.0,20.7,1421863,2571293,3.622770309448242
kind-worker,1768910792.1270313,2.1,20.7,1423082,2572964,28.827667236328125
kind-worker2,1768910792.1787531,2.1,20.7,1422410,2572292,4.703521728515625
kind-worker,1768910797.137541,2.0,20.7,1423629,2573963,4.15802001953125
kind-worker2,1768910797.188669,2.0,20.7,1422957,2573291,4.324436187744141
kind-worker,1768910802.1507175,1.7,20.7,1424218,2575004,4.534482955932617
kind-worker2,1768910802.200157,1.6,20.7,1423504,2574290,4.28462028503418
kind-worker,1768910804.9210594,1.9,20.7,1424765,2576003,4.553556442260742
kind-worker2,1768910804.9699962,1.9,20.7,1424051,2575289,4.373073577880859
kind-worker,1768910809.930413,1.7,20.7,1425312,2577002,4.703998565673828
kind-worker2,1768910809.976643,1.7,20.7,1424640,2576330,4.704713821411133
kind-worker,1768910814.973916,2.0,20.7,1425859,2578001,36.3469123840332
kind-worker2,1768910814.9847097,2.0,20.7,1425187,2577329,4.945993423461914
kind-worker,1768910819.9879532,1.7,20.7,1426406,2579000,4.815578460693359
kind-worker2,1768910819.9925992,1.7,20.7,1425734,2578328,4.441976547241211
kind-worker2,1768910825.0319235,2.1,20.7,1426281,2579327,33.18428993225098
kind-worker,1768910825.0382962,2.1,20.7,1426953,2579999,41.50271415710449
kind-worker2,1768910830.04012,1.7,20.7,1426828,2580326,4.712343215942383
kind-worker,1768910830.0481741,1.8,20.7,1427584,2581082,5.094766616821289
kind-worker2,1768910832.8010778,2.0,20.7,1427417,2581367,4.876852035522461
kind-worker,1768910832.809189,2.0,20.7,1428131,2582081,4.667043685913086
kind-worker2,1768910837.8134415,1.9,20.7,1427964,2582366,4.740715026855469
kind-worker,1768910837.8153641,1.8,20.7,1428678,2583080,4.823207855224609
kind-worker2,1768910842.8210757,1.9,20.7,1428553,2583407,5.008220672607422
kind-worker,1768910842.830163,1.9,20.7,1429225,2584079,4.447460174560547
kind-worker2,1768910847.8322017,2.0,20.7,1429100,2584406,4.326105117797852
kind-worker,1768910847.8705745,2.0,20.7,1429772,2585078,35.6290340423584
kind-worker2,1768910852.8405824,2.0,20.7,1429647,2585405,4.172325134277344
kind-worker,1768910852.8811145,2.0,20.7,1430319,2586077,4.444122314453125
kind-worker2,1768910857.8793805,1.7,20.7,1430194,2586404,34.24382209777832
kind-worker,1768910857.893032,1.7,20.7,1430866,2587076,5.089759826660156
kind-worker2,1768910862.890466,2.0,20.7,1430741,2587403,4.407644271850586
kind-worker,1768910862.9041295,1.9,20.7,1431413,2588075,4.375219345092773
kind-worker2,1768910865.617427,1.9,20.7,1431288,2588402,4.343986511230469
kind-worker,1768910865.6314394,1.9,20.7,1432002,2589116,4.513263702392578
kind-worker2,1768910870.6287522,1.8,20.7,1431835,2589401,3.5173892974853516
kind-worker,1768910870.635975,1.8,20.7,1432549,2590115,3.1719207763671875
kind-worker2,1768910875.64119,1.7,20.7,1432424,2590442,4.395961761474609
kind-worker,1768910875.6459386,1.7,20.7,1433138,2591156,4.2209625244140625
kind-worker2,1768910880.6533785,1.8,20.7,1433013,2591483,4.665136337280273
kind-worker,1768910880.6570015,1.8,20.7,1433685,2592155,4.610776901245117
kind-worker2,1768910885.6646078,1.6,20.7,1433560,2592482,4.242658615112305
kind-worker,1768910885.7026534,1.6,20.7,1434232,2593154,40.711164474487305
kind-worker2,1768910890.6740527,1.7,20.7,1434107,2593481,2.933979034423828
kind-worker,1768910890.7097523,1.7,20.7,1434779,2594153,3.0884742736816406
kind-worker2,1768910893.4974134,2.0,20.7,1434654,2594480,31.959056854248047
kind-worker,1768910893.5051284,2.1,20.7,1435326,2595152,4.073619842529297
kind-worker2,1768910898.5078547,1.7,20.7,1435201,2595479,4.024028778076172
kind-worker,1768910898.515042,1.7,20.7,1435915,2596193,3.9975643157958984
kind-worker2,1768910903.5137582,2.0,20.8,1435748,2596478,4.392147064208984
kind-worker,1768910903.5205426,2.0,20.8,1436462,2597192,4.176855087280273
kind-worker2,1768910908.520144,1.7,20.8,1436337,2597519,4.458427429199219
kind-worker,1768910908.526061,1.7,20.8,1437009,2598191,4.178762435913086
kind-worker2,1768910913.530851,1.7,20.8,1436884,2598518,4.00090217590332
kind-worker,1768910913.549779,1.7,20.8,1437556,2599190,4.2743682861328125
kind-worker2,1768910918.5419955,1.7,20.8,1437431,2599517,4.36091423034668
kind-worker,1768910918.5746255,1.7,20.8,1438145,2600231,20.182132720947266
kind-worker2,1768910921.3699465,1.6,20.8,1437978,2600516,4.245281219482422
kind-worker,1768910921.4050047,1.6,20.8,1438692,2601230,4.374504089355469
kind-worker2,1768910926.404763,1.7,20.8,1438567,2601557,27.57406234741211
kind-worker,1768910926.4120758,1.7,20.8,1439239,2602229,4.993915557861328
kind-worker2,1768910931.4165998,1.6,20.8,1439114,2602556,4.333019256591797
kind-worker,1768910931.4224174,1.6,20.8,1439828,2603270,4.004478454589844
kind-worker,1768910936.4302738,1.6,20.8,1440375,2604269,4.512310028076172
kind-worker2,1768910936.4283223,1.6,20.8,1439661,2603555,4.43577766418457
kind-worker2,1768910941.4395595,1.9,20.8,1440250,2604596,4.131078720092773
kind-worker,1768910941.440953,1.9,20.8,1440922,2605268,3.628969192504883
kind-worker2,1768910946.4490304,1.6,20.8,1440797,2605595,4.525899887084961
kind-worker,1768910946.4508116,1.6,20.8,1441469,2606267,4.31060791015625
kind-worker,1768910951.4610548,1.8,20.8,1442016,2607266,4.229307174682617
kind-worker2,1768910951.4606998,1.8,20.8,1441344,2606594,4.22358512878418
kind-worker,1768910954.1722791,1.8,20.7,1442563,2608265,19.735336303710938
kind-worker2,1768910954.1748948,1.8,20.7,1441891,2607593,18.736600875854492
kind-worker,1768910959.207469,2.0,20.7,1443152,2609306,28.458595275878906
kind-worker2,1768910959.2132864,2.0,20.7,1442438,2608592,32.03701972961426
kind-worker,1768910964.2184472,2.1,20.7,1443741,2610347,4.368782043457031
kind-worker2,1768910964.2203455,2.1,20.7,1442985,2609591,4.312276840209961
kind-worker2,1768910969.2297611,1.8,20.7,1443532,2610590,4.358530044555664
kind-worker,1768910969.2323337,1.8,20.7,1444288,2611346,3.963947296142578
kind-worker2,1768910974.2371619,1.7,20.7,1444163,2611673,4.349946975708008
kind-worker,1768910974.246992,1.8,20.7,1444835,2612345,4.411458969116211
kind-worker2,1768910979.2503219,1.9,20.7,1444710,2612672,4.426717758178711
kind-worker,1768910979.25533,1.9,20.7,1445382,2613344,3.041505813598633
