start_time,end_time,label,workload
1772026607,1772026907,normal,baseline
1772026907,1772027028,cpu_stress,fault-cpu-stress.yaml
1772027058,1772027179,memory_leak,fault-memory-leak.yaml
1772027210,1772027330,network_chaos,fault-network-chaos.yaml
1772027361,1772027482,crash_loop,fault-crash-loop.yaml
1772027512,1772027632,normal_recovery,baseline
1772027632,1772027753,security_tmp_exec,security-tmp-exec.yaml
1772027783,1772027904,security_high_process,security-high-process.yaml
1772027935,1772028055,security_suspicious_network,security-suspicious-network.yaml
