timestamp,label,node,avg_cpu,avg_mem,net_bytes_in,net_bytes_out,exec_count,unique_process_count,tmp_exec_count,outbound_connect_count,mining_port_count,syscall_feature_vector,run_id,fault_order_hash,intensity_seed
1772204203,normal,sw-wk3,0.13188888888887762,0.2531862283872717,0.0,0.0,0,0,0,0,0,{},0a1ba742,16bb1f9e,2988
1772204203,normal,sw-wk2,0.1349999999999959,0.3305505513145618,0.0,0.0,0,0,0,0,0,{},0a1ba742,16bb1f9e,2988
1772204203,normal,k3s-wk1,0.3085555555555807,0.5510697963314125,4.133333333333333,4.0,0,0,0,0,0,{},0a1ba742,16bb1f9e,2988
1772204213,normal,sw-wk3,0.13188888888887762,0.2531862283872717,0.0,0.0,0,0,0,0,0,{},0a1ba742,16bb1f9e,2988
1772204213,normal,sw-wk2,0.1349999999999959,0.3305505513145618,0.0,0.0,0,0,0,0,0,{},0a1ba742,16bb1f9e,2988
1772204213,normal,k3s-wk1,0.24099999999998545,0.5569402206311003,6.0,6.6,0,0,0,0,0,{},0a1ba742,16bb1f9e,2988
1772204223,normal,sw-wk3,0.13188888888887762,0.2531862283872717,0.0,0.0,0,0,0,0,0,{},0a1ba742,16bb1f9e,2988
1772204223,normal,sw-wk2,0.11244444444445334,0.3308492705066778,0.0,0.0,0,0,0,0,0,{},0a1ba742,16bb1f9e,2988
1772204223,normal,k3s-wk1,0.24099999999998545,0.5569402206311003,6.0,6.6,1,1,0,0,0,"{""process_exec"": 1}",0a1ba742,16bb1f9e,2988
1772204233,normal,sw-wk3,0.11722222222221423,0.2528993526873542,0.0,0.0,0,0,0,0,0,{},0a1ba742,16bb1f9e,2988
1772204233,normal,sw-wk2,0.11244444444445334,0.3308492705066778,0.0,0.0,0,0,0,0,0,{},0a1ba742,16bb1f9e,2988
1772204233,normal,k3s-wk1,0.24099999999998545,0.5569402206311003,6.0,6.6,99,4,0,0,0,"{""process_exec"": 99, ""process_exit"": 99}",0a1ba742,16bb1f9e,2988
1772204246,normal,sw-wk3,0.11722222222221423,0.2528993526873542,0.0,0.0,0,0,0,0,0,{},0a1ba742,16bb1f9e,2988
1772204246,normal,sw-wk2,0.12580003459608424,0.3315664597564715,0.0,0.0,0,0,0,0,0,{},0a1ba742,16bb1f9e,2988
1772204246,normal,k3s-wk1,0.27722222222221005,0.5446795743185715,0.0,0.0,6,3,0,0,0,"{""process_exec"": 6, ""process_exit"": 5}",0a1ba742,16bb1f9e,2988
1772209122,memory_leak,k3s-wk1,0.0,0.0,0.0,0.0,0,0,0,4,0,"{""process_exit"": 2, ""process_kprobe"": 4}",0a1ba742,16bb1f9e,2988
1772209129,normal,sw-wk3,0.0,0.24540242212574892,0.0,0.0,0,0,0,0,0,{},0a1ba742,16bb1f9e,2988
1772209129,normal,sw-wk2,0.0,0.34659979918701,0.0,0.0,0,0,0,0,0,{},0a1ba742,16bb1f9e,2988
1772209129,memory_leak,k3s-wk1,0.9872436162870647,0.5663729041953598,224.00082076308783,155.97067928620723,0,0,0,4,0,"{""process_kprobe"": 4}",0a1ba742,16bb1f9e,2988
1772209138,normal,sw-wk3,0.0,0.24540242212574892,0.0,0.0,0,0,0,0,0,{},0a1ba742,16bb1f9e,2988
1772209138,normal,sw-wk2,0.7352824907169488,0.35087398392706515,37.132684539111274,33.805435181784794,0,0,0,0,0,{},0a1ba742,16bb1f9e,2988
1772209138,memory_leak,k3s-wk1,0.9875555555555264,0.5663729041953598,212.63333333333333,139.43333333333334,0,0,0,0,0,{},0a1ba742,16bb1f9e,2988
1772209148,normal,sw-wk3,0.3262057495842754,0.24930024700260955,27.29864575908767,15.538132573057734,0,0,0,0,0,{},0a1ba742,16bb1f9e,2988
1772209148,normal,sw-wk2,0.6390233266685859,0.35087398392706515,50.43380462724936,45.79620516587097,0,0,0,0,0,{},0a1ba742,16bb1f9e,2988
1772209148,memory_leak,k3s-wk1,0.9875555555555264,0.5663729041953598,212.63333333333333,139.43333333333334,1,1,0,1,0,"{""process_kprobe"": 1, ""process_exec"": 1}",0a1ba742,16bb1f9e,2988
1772209158,normal,sw-wk3,0.3262057495842753,0.24930024700260955,27.29864575908767,15.538132573057732,0,0,0,0,0,{},0a1ba742,16bb1f9e,2988
1772209158,normal,sw-wk2,0.6857777777777907,0.35087398392706515,43.8,39.733333333333334,0,0,0,0,0,{},0a1ba742,16bb1f9e,2988
1772209158,memory_leak,k3s-wk1,0.5925716653515738,0.7168957943759203,174.04465791908143,99.9972951187658,0,0,0,0,0,{},0a1ba742,16bb1f9e,2988
1772209168,normal,sw-wk3,0.3262057495842753,0.24930024700260955,27.29864575908767,15.538132573057732,0,0,0,0,0,{},0a1ba742,16bb1f9e,2988
1772209168,normal,sw-wk2,0.3087027205893037,0.3528729022214444,28.356856143985492,25.724027795761575,0,0,0,0,0,{},0a1ba742,16bb1f9e,2988
1772209168,memory_leak,k3s-wk1,0.4977280766195865,0.7168957943759203,214.1593883492504,122.90153184774032,0,0,0,0,0,"{""process_exit"": 1}",0a1ba742,16bb1f9e,2988
1772209178,normal,sw-wk3,0.2175335859455998,0.2473197519183168,14.295556321047194,8.542886668963142,0,0,0,0,0,{},0a1ba742,16bb1f9e,2988
1772209178,normal,sw-wk2,0.3087027205893037,0.3528729022214444,28.356856143985492,25.724027795761575,0,0,0,0,0,{},0a1ba742,16bb1f9e,2988
1772209178,memory_leak,k3s-wk1,0.6108376209651749,0.7168957943759203,165.64247124951254,94.9542355952802,0,0,0,0,0,{},0a1ba742,16bb1f9e,2988
1772209188,normal,sw-wk3,0.11588888888889215,0.2473197519183168,2.1333333333333333,2.0,0,0,0,0,0,{},0a1ba742,16bb1f9e,2988
1772209188,normal,sw-wk2,0.24644444444444769,0.3528729022214444,0.0,0.0,0,0,0,0,0,{},0a1ba742,16bb1f9e,2988
1772209188,memory_leak,k3s-wk1,0.29999999999999993,0.5601498070168743,7.133333333333333,7.0,1,1,0,3,0,"{""process_exec"": 1, ""process_exit"": 1, ""process_kprobe"": 3}",0a1ba742,16bb1f9e,2988
1772209198,normal,sw-wk3,0.11588888888889215,0.2473197519183168,2.1333333333333333,2.0,0,0,0,0,0,{},0a1ba742,16bb1f9e,2988
1772209198,normal,sw-wk2,0.11377777777775522,0.35060026766292374,0.0,0.0,0,0,0,0,0,{},0a1ba742,16bb1f9e,2988
1772209198,memory_leak,k3s-wk1,0.29999999999999993,0.5601498070168743,7.133333333333333,7.0,1,1,0,1,0,"{""process_kprobe"": 1, ""process_exec"": 1}",0a1ba742,16bb1f9e,2988
1772209208,normal,sw-wk3,0.1416666666666262,0.2507622603173266,3.0000000000000004,3.0,0,0,0,0,0,{},0a1ba742,16bb1f9e,2988
1772209208,normal,sw-wk2,0.11377777777775522,0.35060026766292374,0.0,0.0,0,0,0,0,0,{},0a1ba742,16bb1f9e,2988
1772209208,memory_leak,k3s-wk1,0.29999999999999993,0.5601498070168743,7.133333333333333,7.0,0,0,0,0,0,"{""process_exit"": 1}",0a1ba742,16bb1f9e,2988
1772209218,normal,sw-wk3,0.1416666666666262,0.2507622603173266,3.0,3.0,0,0,0,0,0,{},0a1ba742,16bb1f9e,2988
1772209218,normal,sw-wk2,0.11377777777775522,0.35060026766292374,0.0,0.0,0,0,0,0,0,{},0a1ba742,16bb1f9e,2988
1772209218,memory_leak,k3s-wk1,0.25555555555553533,0.5599260966086819,5.0,5.0,0,0,0,0,0,{},0a1ba742,16bb1f9e,2988
1772209228,normal,sw-wk3,0.1416666666666262,0.2507622603173266,3.0,3.0,0,0,0,0,0,{},0a1ba742,16bb1f9e,2988
1772209228,normal,sw-wk2,0.13322222222224,0.35206359692121836,0.0,0.0,0,0,0,0,0,{},0a1ba742,16bb1f9e,2988
1772209228,memory_leak,k3s-wk1,0.25555555555553533,0.5599260966086819,5.0,5.0,0,0,0,0,0,{},0a1ba742,16bb1f9e,2988
1772209268,normal,sw-wk3,0.1364444444444315,0.24642491028554658,3.0,3.0,0,0,0,0,0,{},0a1ba742,16bb1f9e,2988
1772209268,normal,sw-wk2,0.1264444444444558,0.35251891339906916,5.133333333333333,5.0,0,0,0,0,0,{},0a1ba742,16bb1f9e,2988
1772209268,normal,k3s-wk1,0.2549999999999676,0.6512670562736952,9.0,9.6,1,1,0,0,0,"{""process_exec"": 1}",0a1ba742,16bb1f9e,2988
1772209278,normal,sw-wk3,0.1364444444444315,0.24642491028554658,3.0,3.0,0,0,0,0,0,{},0a1ba742,16bb1f9e,2988
1772209278,normal,sw-wk2,0.1264444444444558,0.35251891339906916,5.133333333333333,5.0,0,0,0,0,0,{},0a1ba742,16bb1f9e,2988
1772209278,normal,k3s-wk1,0.2958888888889003,0.5556545437557819,0.0,0.0,9,4,0,0,0,"{""process_exec"": 9, ""process_exit"": 8}",0a1ba742,16bb1f9e,2988
1772209288,normal,sw-wk3,0.1364444444444315,0.24642491028554658,3.0,3.0,0,0,0,0,0,{},0a1ba742,16bb1f9e,2988
1772209288,normal,sw-wk2,0.14599999999997326,0.3264592827317936,0.0,0.0,0,0,0,0,0,{},0a1ba742,16bb1f9e,2988
1772209288,normal,k3s-wk1,0.2958888888889003,0.5556545437557819,0.0,0.0,96,3,0,0,0,"{""process_exit"": 98, ""process_exec"": 96}",0a1ba742,16bb1f9e,2988
1772209298,normal,sw-wk3,0.13100000000000966,0.2467288932519729,5.133333333333333,5.000000000000001,0,0,0,0,0,{},0a1ba742,16bb1f9e,2988
1772209298,normal,sw-wk2,0.14599999999997326,0.3264592827317936,0.0,0.0,0,0,0,0,0,{},0a1ba742,16bb1f9e,2988
1772209298,normal,k3s-wk1,0.2958888888889003,0.5556545437557819,0.0,0.0,0,0,0,0,0,{},0a1ba742,16bb1f9e,2988
1772209308,normal,sw-wk3,0.13100000000000966,0.2467288932519729,5.133333333333333,5.0,0,0,0,0,0,{},0a1ba742,16bb1f9e,2988
1772209308,normal,sw-wk2,0.14599999999997326,0.3264592827317936,0.0,0.0,0,0,0,0,0,{},0a1ba742,16bb1f9e,2988
1772209308,normal,k3s-wk1,0.27211111111112896,0.5513553560877524,3.0,3.0,0,0,0,4,0,"{""process_kprobe"": 4}",0a1ba742,16bb1f9e,2988
1772209318,normal,sw-wk3,0.13100000000000966,0.2467288932519729,5.133333333333333,5.0,0,0,0,0,0,{},0a1ba742,16bb1f9e,2988
1772209318,normal,sw-wk2,0.11866666666669012,0.32667772936567574,3.0,3.0000000000000004,0,0,0,0,0,{},0a1ba742,16bb1f9e,2988
1772209318,normal,k3s-wk1,0.27211111111112896,0.5513553560877524,3.0,3.0,0,0,0,0,0,{},0a1ba742,16bb1f9e,2988
1772209328,normal,sw-wk3,0.12755555555557097,0.24830012988363115,3.0,3.0,0,0,0,0,0,{},0a1ba742,16bb1f9e,2988
1772209328,normal,sw-wk2,0.11866666666669012,0.32667772936567574,3.0,3.0,0,0,0,0,0,{},0a1ba742,16bb1f9e,2988
1772209328,normal,k3s-wk1,0.27211111111112896,0.5513553560877524,3.0,3.0,1,1,0,0,0,"{""process_exec"": 1}",0a1ba742,16bb1f9e,2988
1772209338,normal,sw-wk3,0.12755555555557097,0.24830012988363115,3.0,3.0,0,0,0,0,0,{},0a1ba742,16bb1f9e,2988
1772209338,normal,sw-wk2,0.11866666666669012,0.32667772936567574,3.0,3.0,0,0,0,0,0,{},0a1ba742,16bb1f9e,2988
1772209338,normal,k3s-wk1,0.25900000000001455,0.5515645911165913,2.1333333333333333,2.0000000000000004,0,0,0,0,0,{},0a1ba742,16bb1f9e,2988
1772209348,normal,sw-wk3,0.12755555555557097,0.24830012988363115,3.0,3.0,0,0,0,0,0,{},0a1ba742,16bb1f9e,2988
1772209348,normal,sw-wk2,0.14233333333330744,0.32533678286009804,2.1333333333333333,2.0,0,0,0,0,0,{},0a1ba742,16bb1f9e,2988
1772209348,normal,k3s-wk1,0.25900000000001455,0.5515645911165913,2.1333333333333333,2.0,86,4,0,0,0,"{""process_exec"": 86, ""process_exit"": 85}",0a1ba742,16bb1f9e,2988
1772209358,normal,sw-wk3,0.12333333333329699,0.24873965503855056,5.133333333333333,5.0,0,0,0,0,0,{},0a1ba742,16bb1f9e,2988
1772209358,normal,sw-wk2,0.14233333333330744,0.32533678286009804,2.1333333333333333,2.0,0,0,0,0,0,{},0a1ba742,16bb1f9e,2988
1772209358,normal,k3s-wk1,0.25900000000001455,0.5515645911165913,2.1333333333333333,2.0,9,1,0,0,0,"{""process_exit"": 9, ""process_exec"": 9}",0a1ba742,16bb1f9e,2988
1772209367,normal,sw-wk3,0.12333333333329699,0.24873965503855056,5.133333333333333,5.0,0,0,0,0,0,{},0a1ba742,16bb1f9e,2988
1772209367,normal,sw-wk2,0.14233333333330744,0.32533678286009804,2.1333333333333333,2.0,0,0,0,0,0,{},0a1ba742,16bb1f9e,2988
1772209367,normal,k3s-wk1,0.2795877546868968,0.5503118128307131,4.542834864562498,6.1023154897108185,10,3,0,3,0,"{""process_exit"": 12, ""process_exec"": 10, ""process_kprobe"": 3}",0a1ba742,16bb1f9e,2988
1772209377,normal,sw-wk3,0.12333333333329699,0.24873965503855056,5.133333333333333,5.0,0,0,0,0,0,{},0a1ba742,16bb1f9e,2988
1772209377,normal,sw-wk2,0.10751011368004892,0.3249709505455244,5.220692928334125,8.136144823377856,0,0,0,0,0,{},0a1ba742,16bb1f9e,2988
1772209377,normal,k3s-wk1,0.2795877546868968,0.5503118128307131,4.542834864562498,6.1023154897108185,0,0,0,0,0,{},0a1ba742,16bb1f9e,2988
1772209387,normal,sw-wk3,0.10815789176302382,0.24858305775281575,0.0,0.0,0,0,0,0,0,{},0a1ba742,16bb1f9e,2988
1772209387,normal,sw-wk2,0.10751011368004892,0.3249709505455244,5.220692928334125,8.136144823377856,0,0,0,0,0,{},0a1ba742,16bb1f9e,2988
1772209387,normal,k3s-wk1,0.2795877546868968,0.5503118128307131,4.542834864562498,6.1023154897108185,1,1,0,1,0,"{""process_kprobe"": 1, ""process_exec"": 1}",0a1ba742,16bb1f9e,2988
1772209397,network_chaos,sw-wk3,0.10815789176302382,0.24858305775281575,0.0,0.0,0,0,0,0,0,{},0a1ba742,16bb1f9e,2988
1772209397,normal,sw-wk2,0.10751011368004892,0.3249709505455244,5.220692928334125,8.136144823377856,0,0,0,0,0,{},0a1ba742,16bb1f9e,2988
1772209397,normal,k3s-wk1,0.32322222222224406,0.5484589642734479,5.133333333333333,5.0,105,6,0,0,0,"{""process_exec"": 105, ""process_exit"": 106}",0a1ba742,16bb1f9e,2988
1772209407,network_chaos,sw-wk3,0.10815789176302382,0.24858305775281575,0.0,0.0,0,0,0,0,0,{},0a1ba742,16bb1f9e,2988
1772209407,normal,sw-wk2,0.1493049768325464,0.32490910119737704,0.0,3.000100003333444,0,0,0,0,0,{},0a1ba742,16bb1f9e,2988
1772209407,normal,k3s-wk1,0.32322222222224406,0.5484589642734479,5.133333333333333,5.0,0,0,0,0,0,{},0a1ba742,16bb1f9e,2988
1772209417,network_chaos,sw-wk3,0.14725064720064884,0.2513662784194465,83.4638845371821,132.8622379254025,0,0,0,0,0,{},0a1ba742,16bb1f9e,2988
1772209417,normal,sw-wk2,0.1493049768325464,0.32490910119737704,0.0,3.000100003333445,0,0,0,0,0,{},0a1ba742,16bb1f9e,2988
1772209417,normal,k3s-wk1,0.32322222222224406,0.5484589642734479,5.133333333333333,5.0,0,0,0,0,0,{},0a1ba742,16bb1f9e,2988
1772209427,network_chaos,sw-wk3,0.14725064720064895,0.2513662784194465,83.46388453718208,132.86223792540247,0,0,0,0,0,{},0a1ba742,16bb1f9e,2988
1772209427,normal,sw-wk2,0.1493049768325464,0.32490910119737704,0.0,3.000100003333445,0,0,0,0,0,{},0a1ba742,16bb1f9e,2988
1772209427,normal,k3s-wk1,0.2935791029188125,0.5559572107786306,2.9999000033332224,2.999900003333222,0,0,0,4,0,"{""process_kprobe"": 4}",0a1ba742,16bb1f9e,2988
1772209437,network_chaos,sw-wk3,0.14725064720064895,0.2513662784194465,83.46388453718208,132.86223792540247,0,0,0,0,0,{},0a1ba742,16bb1f9e,2988
1772209437,normal,sw-wk2,0.12325144717400505,0.3251209681133712,5.133162227925736,7.999733342221925,0,0,0,0,0,{},0a1ba742,16bb1f9e,2988
1772209437,normal,k3s-wk1,0.29357910291881273,0.5559572107786306,2.999900003333222,2.9999000033332224,0,0,0,0,0,{},0a1ba742,16bb1f9e,2988
1772209447,network_chaos,sw-wk3,0.16408324721933631,0.2515320873102245,568.2522750758359,245.80819360645353,0,0,0,0,0,{},0a1ba742,16bb1f9e,2988
1772209447,normal,sw-wk2,0.12325144717400505,0.3251209681133712,5.133162227925736,7.999733342221925,0,0,0,0,0,{},0a1ba742,16bb1f9e,2988
1772209447,normal,k3s-wk1,0.29357910291881273,0.5559572107786306,2.999900003333222,2.999900003333222,10,5,0,0,0,"{""process_exec"": 10, ""process_exit"": 9}",0a1ba742,16bb1f9e,2988
1772209457,network_chaos,sw-wk3,0.16408324721933643,0.2515320873102245,568.2522750758359,245.80819360645353,0,0,0,0,0,{},0a1ba742,16bb1f9e,2988
1772209457,normal,sw-wk2,0.12325144717400505,0.3251209681133712,5.133162227925735,7.999733342221925,0,0,0,0,0,{},0a1ba742,16bb1f9e,2988
1772209457,normal,k3s-wk1,0.32519972887981596,0.5651240737402143,5.1335044501483384,5.000166672222408,79,1,0,0,0,"{""process_exec"": 79, ""process_exit"": 79}",0a1ba742,16bb1f9e,2988
1772209467,network_chaos,sw-wk3,0.16408324721933631,0.2515320873102245,568.2522750758359,245.80819360645359,0,0,0,0,0,{},0a1ba742,16bb1f9e,2988
1772209467,normal,sw-wk2,0.16047242869682699,0.32534336257798613,0.0,2.999900003333222,0,0,0,0,0,{},0a1ba742,16bb1f9e,2988
1772209467,normal,k3s-wk1,0.32519972887981596,0.5651240737402143,5.1335044501483384,5.000166672222408,17,3,0,0,0,"{""process_exec"": 17, ""process_exit"": 17}",0a1ba742,16bb1f9e,2988
1772209477,network_chaos,sw-wk3,0.12425141384176419,0.250416167156417,74.33085563814538,75.19749341688609,0,0,0,0,0,{},0a1ba742,16bb1f9e,2988
1772209477,normal,sw-wk2,0.16047242869682699,0.32534336257798613,0.0,2.999900003333222,0,0,0,0,0,{},0a1ba742,16bb1f9e,2988
1772209477,normal,k3s-wk1,0.32519972887981596,0.5651240737402143,5.1335044501483384,5.000166672222408,0,0,0,0,0,{},0a1ba742,16bb1f9e,2988
1772209487,network_chaos,sw-wk3,0.12425141384176419,0.250416167156417,74.33085563814538,75.19749341688609,0,0,0,0,0,{},0a1ba742,16bb1f9e,2988
1772209487,normal,sw-wk2,0.16047242869682699,0.32534336257798613,0.0,2.999900003333222,0,0,0,0,0,{},0a1ba742,16bb1f9e,2988
1772209487,normal,k3s-wk1,0.2300000000000284,0.5646766529238292,3.0,3.0,0,0,0,4,0,"{""process_exit"": 1, ""process_kprobe"": 4}",0a1ba742,16bb1f9e,2988
1772209497,network_chaos,sw-wk3,0.12425141384176419,0.250416167156417,74.33085563814538,75.19749341688609,0,0,0,0,0,{},0a1ba742,16bb1f9e,2988
1772209497,normal,sw-wk2,0.12352633976684946,0.325476272879324,5.133504450148338,2.0000666688889632,0,0,0,0,0,{},0a1ba742,16bb1f9e,2988
1772209497,normal,k3s-wk1,0.2300000000000284,0.5646766529238292,3.0,3.0000000000000004,0,0,0,1,0,"{""process_kprobe"": 1}",0a1ba742,16bb1f9e,2988
1772209507,network_chaos,sw-wk3,0.1386379545985018,0.2517452701697962,64.20214007133572,64.06880229340979,0,0,0,0,0,{},0a1ba742,16bb1f9e,2988
1772209507,normal,sw-wk2,0.12352633976684946,0.325476272879324,5.133504450148338,2.0000666688889632,0,0,0,0,0,{},0a1ba742,16bb1f9e,2988
1772209507,normal,k3s-wk1,0.2300000000000284,0.5646766529238292,3.0,3.0,1,1,0,0,0,"{""process_exec"": 1}",0a1ba742,16bb1f9e,2988
1772209547,normal,sw-wk3,0.13122222222223678,0.2516334149656999,65.4,70.06666666666666,0,0,0,0,0,{},0a1ba742,16bb1f9e,2988
1772209547,normal,sw-wk2,0.1416380546018402,0.32542626702337507,3.000100003333445,3.000100003333445,0,0,0,0,0,{},0a1ba742,16bb1f9e,2988
1772209547,normal,k3s-wk1,0.26688888888891393,0.5662399938940218,7.133333333333333,7.0,0,0,0,4,0,"{""process_kprobe"": 4}",0a1ba742,16bb1f9e,2988
1772209557,normal,sw-wk3,0.13122222222223678,0.2516334149656999,65.4,70.06666666666666,0,0,0,0,0,{},0a1ba742,16bb1f9e,2988
1772209557,normal,sw-wk2,0.13986021756278888,0.32436035272551655,5.1335044501483384,5.000166672222408,0,0,0,0,0,{},0a1ba742,16bb1f9e,2988
1772209557,normal,k3s-wk1,0.26688888888891393,0.5662399938940218,7.133333333333335,7.0,0,0,0,0,0,{},0a1ba742,16bb1f9e,2988
1772209567,normal,sw-wk3,0.1643333333333027,0.2500371754060673,26.133333333333333,29.4,0,0,0,0,0,{},0a1ba742,16bb1f9e,2988
1772209567,normal,sw-wk2,0.13986021756278888,0.32436035272551655,5.1335044501483384,5.000166672222408,0,0,0,0,0,{},0a1ba742,16bb1f9e,2988
1772209567,normal,k3s-wk1,0.26688888888891393,0.5662399938940218,7.133333333333333,7.0,1,1,0,0,0,"{""process_exec"": 1}",0a1ba742,16bb1f9e,2988
1772209577,normal,sw-wk3,0.1643333333333027,0.2500371754060673,26.133333333333333,29.4,0,0,0,0,0,{},0a1ba742,16bb1f9e,2988
1772209577,normal,sw-wk2,0.13986021756278888,0.32436035272551655,5.1335044501483384,5.000166672222408,0,0,0,0,0,{},0a1ba742,16bb1f9e,2988
1772209577,normal,k3s-wk1,0.26830894363143,0.5674875084055896,5.000166672222408,5.000166672222408,0,0,0,0,0,{},0a1ba742,16bb1f9e,2988
1772209587,normal,sw-wk3,0.1643333333333027,0.2500371754060673,26.133333333333333,29.4,0,0,0,0,0,{},0a1ba742,16bb1f9e,2988
1772209587,normal,sw-wk2,0.14736175460818224,0.3244761557603456,2.999900003333222,2.999900003333222,0,0,0,0,0,{},0a1ba742,16bb1f9e,2988
1772209587,normal,k3s-wk1,0.26830894363143,0.5674875084055896,5.000166672222408,5.000166672222408,74,4,0,0,0,"{""process_exec"": 74, ""process_exit"": 73}",0a1ba742,16bb1f9e,2988
1772209597,normal,sw-wk3,0.1333333333333132,0.2501148160771459,5.133333333333333,5.000000000000001,0,0,0,0,0,{},0a1ba742,16bb1f9e,2988
1772209597,normal,sw-wk2,0.14736175460818213,0.3244761557603456,2.9999000033332224,2.999900003333222,0,0,0,0,0,{},0a1ba742,16bb1f9e,2988
1772209597,normal,k3s-wk1,0.26830894363143,0.5674875084055896,5.000166672222408,5.000166672222408,31,3,0,0,0,"{""process_exit"": 32, ""process_exec"": 31}",0a1ba742,16bb1f9e,2988
1772209607,normal,sw-wk3,0.1333333333333132,0.2501148160771459,5.133333333333333,5.0,0,0,0,0,0,{},0a1ba742,16bb1f9e,2988
1772209607,normal,sw-wk2,0.14736175460818224,0.3244761557603456,2.999900003333222,2.999900003333222,0,0,0,0,0,{},0a1ba742,16bb1f9e,2988
1772209607,normal,k3s-wk1,0.300268870964183,0.5642752901326602,15.598960069328712,17.598826744883674,0,0,0,4,0,"{""process_exit"": 1, ""process_kprobe"": 4}",0a1ba742,16bb1f9e,2988
1772209617,normal,sw-wk3,0.1333333333333132,0.2501148160771459,5.133333333333333,5.0,0,0,0,0,0,{},0a1ba742,16bb1f9e,2988
1772209617,normal,sw-wk2,0.1231111111111507,0.3245064224626305,5.133333333333333,5.0,0,0,0,0,0,{},0a1ba742,16bb1f9e,2988
1772209617,normal,k3s-wk1,0.300268870964183,0.5642752901326602,15.598960069328712,17.598826744883674,0,0,0,0,0,{},0a1ba742,16bb1f9e,2988
1772209627,normal,sw-wk3,0.14088888888893236,0.2482501240276822,0.0,0.0,0,0,0,0,0,{},0a1ba742,16bb1f9e,2988
1772209627,normal,sw-wk2,0.1231111111111507,0.3245064224626305,5.133333333333333,5.0,0,0,0,0,0,{},0a1ba742,16bb1f9e,2988
1772209627,normal,k3s-wk1,0.300268870964183,0.5642752901326602,15.598960069328712,17.598826744883674,1,1,0,0,0,"{""process_exec"": 1}",0a1ba742,16bb1f9e,2988
1772209637,normal,sw-wk3,0.14088888888893258,0.2482501240276822,0.0,0.0,0,0,0,0,0,{},0a1ba742,16bb1f9e,2988
1772209637,normal,sw-wk2,0.1231111111111507,0.3245064224626305,5.133333333333333,5.0,0,0,0,0,0,{},0a1ba742,16bb1f9e,2988
1772209637,normal,k3s-wk1,0.3445118563459205,0.5652267173392673,0.0,0.0,71,4,0,0,0,"{""process_exec"": 71, ""process_exit"": 71}",0a1ba742,16bb1f9e,2988
1772209647,normal,sw-wk3,0.14088888888893258,0.2482501240276822,0.0,0.0,0,0,0,0,0,{},0a1ba742,16bb1f9e,2988
1772209647,normal,sw-wk2,0.14911111111105135,0.32497884620699,3.0,3.0,0,0,0,0,0,{},0a1ba742,16bb1f9e,2988
1772209647,normal,k3s-wk1,0.3445118563459204,0.5652267173392673,0.0,0.0,34,3,0,0,0,"{""process_exec"": 34, ""process_exit"": 35}",0a1ba742,16bb1f9e,2988
1772209657,normal,sw-wk3,0.12222222222220203,0.24869491295691204,0.0,0.0,0,0,0,0,0,{},0a1ba742,16bb1f9e,2988
1772209657,normal,sw-wk2,0.14911111111105135,0.32497884620699,3.0,3.0,0,0,0,0,0,{},0a1ba742,16bb1f9e,2988
1772209657,normal,k3s-wk1,0.3445118563459204,0.5652267173392673,0.0,0.0,0,0,0,0,0,{},0a1ba742,16bb1f9e,2988
1772209667,normal,sw-wk3,0.1222222222222018,0.24869491295691204,0.0,0.0,0,0,0,0,0,{},0a1ba742,16bb1f9e,2988
1772209667,normal,sw-wk2,0.14911111111105135,0.32497884620699,3.0,3.0,0,0,0,0,0,{},0a1ba742,16bb1f9e,2988
1772209667,security_tmp_exec,k3s-wk1,0.23800000000002097,0.565018798254006,5.133333333333333,8.0,0,0,0,4,0,"{""process_kprobe"": 4}",0a1ba742,16bb1f9e,2988
1772209677,normal,sw-wk3,0.12222222222220203,0.24869491295691204,0.0,0.0,0,0,0,0,0,{},0a1ba742,16bb1f9e,2988
1772209677,normal,sw-wk2,0.1584486032004372,0.32525519435828665,5.01220504475183,4.8820179007323015,0,0,0,0,0,{},0a1ba742,16bb1f9e,2988
1772209677,security_tmp_exec,k3s-wk1,0.23800000000002086,0.565018798254006,5.133333333333333,8.0,0,0,0,0,0,{},0a1ba742,16bb1f9e,2988
1772209687,normal,sw-wk3,0.18828315703826537,0.24877386957156822,0.0,0.0,0,0,0,0,0,{},0a1ba742,16bb1f9e,2988
1772209687,normal,sw-wk2,0.1584486032004372,0.32525519435828665,5.01220504475183,4.8820179007323015,0,0,0,0,0,{},0a1ba742,16bb1f9e,2988
1772209687,security_tmp_exec,k3s-wk1,0.23800000000002097,0.565018798254006,5.133333333333333,8.0,0,0,0,0,0,{},0a1ba742,16bb1f9e,2988
1772209698,normal,sw-wk3,0.18828315703826548,0.24877386957156822,0.0,0.0,0,0,0,0,0,{},0a1ba742,16bb1f9e,2988
1772209698,normal,sw-wk2,0.1584486032004372,0.32525519435828665,5.01220504475183,4.8820179007323015,0,0,0,0,0,{},0a1ba742,16bb1f9e,2988
1772209698,security_tmp_exec,k3s-wk1,0.35791060640572125,0.5678020189206368,5.010900335144632,4.88074707968633,0,0,0,0,0,{},0a1ba742,16bb1f9e,2988
1772209707,normal,sw-wk3,0.18828315703826548,0.24877386957156822,0.0,0.0,0,0,0,0,0,{},0a1ba742,16bb1f9e,2988
1772209707,normal,sw-wk2,0.1494444444444727,0.32539994815182305,7.466666666666667,9.0,0,0,0,0,0,{},0a1ba742,16bb1f9e,2988
1772209707,security_tmp_exec,k3s-wk1,0.35791060640572125,0.5678020189206368,5.010900335144632,4.88074707968633,0,0,0,0,0,{},0a1ba742,16bb1f9e,2988
1772209717,normal,sw-wk3,0.16211111111107224,0.2458972169109277,0.0,0.0,0,0,0,0,0,{},0a1ba742,16bb1f9e,2988
1772209717,normal,sw-wk2,0.1494444444444727,0.32539994815182305,7.466666666666667,9.0,0,0,0,0,0,{},0a1ba742,16bb1f9e,2988
1772209717,security_tmp_exec,k3s-wk1,0.35791060640572125,0.5678020189206368,5.010900335144632,4.88074707968633,0,0,0,0,0,{},0a1ba742,16bb1f9e,2988
1772209727,normal,sw-wk3,0.16211111111107224,0.2458972169109277,0.0,0.0,0,0,0,0,0,{},0a1ba742,16bb1f9e,2988
1772209727,normal,sw-wk2,0.1494444444444727,0.32539994815182305,7.466666666666667,9.0,0,0,0,0,0,{},0a1ba742,16bb1f9e,2988
1772209727,security_tmp_exec,k3s-wk1,0.2884769271805766,0.5688981999207803,3.0008002133902374,3.0008002133902374,0,0,0,4,0,"{""process_kprobe"": 4}",0a1ba742,16bb1f9e,2988
1772209738,normal,sw-wk3,0.16211111111107224,0.2458972169109277,0.0,0.0,0,0,0,0,0,{},0a1ba742,16bb1f9e,2988
1772209738,normal,sw-wk2,0.12730424347477287,0.325572336760489,3.000100003333444,3.000100003333445,0,0,0,0,0,{},0a1ba742,16bb1f9e,2988
1772209738,security_tmp_exec,k3s-wk1,0.2884769271805766,0.5688981999207803,3.0008002133902374,3.0008002133902374,0,0,0,0,0,{},0a1ba742,16bb1f9e,2988
1772209747,normal,sw-wk3,0.1627224851676693,0.2483106574322519,0.0,0.0,0,0,0,0,0,{},0a1ba742,16bb1f9e,2988
1772209747,normal,sw-wk2,0.12730424347477287,0.325572336760489,3.000100003333445,3.000100003333445,0,0,0,0,0,{},0a1ba742,16bb1f9e,2988
1772209747,security_tmp_exec,k3s-wk1,0.2884769271805766,0.5688981999207803,3.0008002133902374,3.0008002133902374,0,0,0,0,0,{},0a1ba742,16bb1f9e,2988
1772209757,normal,sw-wk3,0.1627224851676693,0.2483106574322519,0.0,0.0,0,0,0,0,0,{},0a1ba742,16bb1f9e,2988
1772209757,normal,sw-wk2,0.12730424347477276,0.325572336760489,3.000100003333445,3.000100003333445,0,0,0,0,0,{},0a1ba742,16bb1f9e,2988
1772209757,security_tmp_exec,k3s-wk1,0.25700000000005163,0.5707589441395111,3.0,3.0,0,0,0,0,0,{},0a1ba742,16bb1f9e,2988
1772209767,normal,sw-wk3,0.1627224851676693,0.2483106574322519,0.0,0.0,0,0,0,0,0,{},0a1ba742,16bb1f9e,2988
1772209767,normal,sw-wk2,0.14733333333333576,0.3260039662539429,2.1333333333333333,2.0,0,0,0,0,0,{},0a1ba742,16bb1f9e,2988
1772209767,security_tmp_exec,k3s-wk1,0.25700000000005163,0.5707589441395111,3.0,3.0000000000000004,0,0,0,0,0,{},0a1ba742,16bb1f9e,2988
1772209777,normal,sw-wk3,0.15583261106296697,0.2488949363807077,0.0,0.0,0,0,0,0,0,{},0a1ba742,16bb1f9e,2988
1772209777,normal,sw-wk2,0.14733333333333576,0.3260039662539429,2.1333333333333333,2.0,0,0,0,0,0,{},0a1ba742,16bb1f9e,2988
1772209777,security_tmp_exec,k3s-wk1,0.25700000000005163,0.5707589441395111,3.0,3.0,0,0,0,0,0,{},0a1ba742,16bb1f9e,2988
1772209787,normal,sw-wk3,0.15583261106296697,0.2488949363807077,0.0,0.0,0,0,0,0,0,{},0a1ba742,16bb1f9e,2988
1772209787,normal,sw-wk2,0.14733333333333576,0.3260039662539429,2.1333333333333333,2.0,0,0,0,0,0,{},0a1ba742,16bb1f9e,2988
1772209787,security_tmp_exec,k3s-wk1,0.2702222222221582,0.5706339294996388,5.133333333333335,5.0,0,0,0,4,0,"{""process_kprobe"": 4}",0a1ba742,16bb1f9e,2988
1772209797,normal,sw-wk3,0.15583261106296697,0.2488949363807077,0.0,0.0,0,0,0,0,0,{},0a1ba742,16bb1f9e,2988
1772209797,normal,sw-wk2,0.1269999999999829,0.3266461467198133,3.0,3.0,0,0,0,0,0,{},0a1ba742,16bb1f9e,2988
1772209797,security_tmp_exec,k3s-wk1,0.2702222222221584,0.5706339294996388,5.133333333333333,5.0,0,0,0,0,0,{},0a1ba742,16bb1f9e,2988
1772209807,normal,sw-wk3,0.18624934724400333,0.24834750385242488,0.0,0.0,0,0,0,0,0,{},0a1ba742,16bb1f9e,2988
1772209807,normal,sw-wk2,0.12699999999998302,0.3266461467198133,3.0000000000000004,3.0,0,0,0,0,0,{},0a1ba742,16bb1f9e,2988
1772209807,security_tmp_exec,k3s-wk1,0.2702222222221584,0.5706339294996388,5.133333333333333,5.0,0,0,0,0,0,{},0a1ba742,16bb1f9e,2988
1772209847,normal,sw-wk3,0.1331111111111063,0.24884229863760365,3.0,3.0,0,0,0,0,0,{},0a1ba742,16bb1f9e,2988
1772209847,normal,sw-wk2,0.1543615212826176,0.3273422808723653,5.133162227925735,4.999833338888703,0,0,0,0,0,{},0a1ba742,16bb1f9e,2988
1772209847,normal,k3s-wk1,0.24664155471847837,0.565125389683792,5.1335044501483384,5.000166672222407,0,0,0,4,0,"{""process_kprobe"": 4}",0a1ba742,16bb1f9e,2988
1772209857,normal,sw-wk3,0.1331111111111063,0.24884229863760365,3.0,3.0,0,0,0,0,0,{},0a1ba742,16bb1f9e,2988
1772209857,normal,sw-wk2,0.1250000000000202,0.32773180017133585,0.0,0.0,0,0,0,0,0,{},0a1ba742,16bb1f9e,2988
1772209857,normal,k3s-wk1,0.24664155471847837,0.565125389683792,5.1335044501483384,5.000166672222407,0,0,0,0,0,{},0a1ba742,16bb1f9e,2988
1772209868,normal,sw-wk3,0.13311111111106566,0.2496871344144248,2.1333333333333333,2.0,0,0,0,0,0,{},0a1ba742,16bb1f9e,2988
1772209868,normal,sw-wk2,0.1250000000000202,0.32773180017133585,0.0,0.0,0,0,0,0,0,{},0a1ba742,16bb1f9e,2988
1772209868,normal,k3s-wk1,0.24664155471847837,0.565125389683792,5.1335044501483384,5.000166672222408,1,1,0,0,0,"{""process_exec"": 1}",0a1ba742,16bb1f9e,2988
1772209878,normal,sw-wk3,0.13311111111106566,0.2496871344144248,2.1333333333333333,2.0,0,0,0,0,0,{},0a1ba742,16bb1f9e,2988
1772209878,normal,sw-wk2,0.1250000000000202,0.32773180017133585,0.0,0.0,0,0,0,0,0,{},0a1ba742,16bb1f9e,2988
1772209878,normal,k3s-wk1,0.33777777777781415,0.5608169904107192,5.133333333333333,5.0,58,4,0,0,0,"{""process_exec"": 58, ""process_exit"": 57}",0a1ba742,16bb1f9e,2988
1772209888,normal,sw-wk3,0.13311111111106577,0.2496871344144248,2.1333333333333333,2.0,0,0,0,0,0,{},0a1ba742,16bb1f9e,2988
1772209888,normal,sw-wk2,0.1481111111111305,0.3279028728364243,2.1333333333333333,8.0,0,0,0,0,0,{},0a1ba742,16bb1f9e,2988
1772209888,normal,k3s-wk1,0.33777777777781415,0.5608169904107192,5.133333333333333,5.0,47,3,0,0,0,"{""process_exit"": 47, ""process_exec"": 47}",0a1ba742,16bb1f9e,2988
1772209898,normal,sw-wk3,0.13270915936433447,0.2537823508279259,0.0,0.0,0,0,0,0,0,{},0a1ba742,16bb1f9e,2988
1772209898,normal,sw-wk2,0.1481111111111305,0.3279028728364243,2.1333333333333333,8.0,0,0,0,0,0,{},0a1ba742,16bb1f9e,2988
1772209898,normal,k3s-wk1,0.33777777777781415,0.5608169904107192,5.133333333333333,5.0,0,0,0,0,0,{},0a1ba742,16bb1f9e,2988
1772209908,normal,sw-wk3,0.13270915936433447,0.2537823508279259,0.0,0.0,0,0,0,0,0,{},0a1ba742,16bb1f9e,2988
1772209908,normal,sw-wk2,0.1481111111111305,0.3279028728364243,2.1333333333333333,8.0,0,0,0,0,0,{},0a1ba742,16bb1f9e,2988
1772209908,normal,k3s-wk1,0.2547777777777608,0.5609327934455483,0.0,0.0,0,0,0,4,0,"{""process_exit"": 2, ""process_kprobe"": 4}",0a1ba742,16bb1f9e,2988
1772209918,normal,sw-wk3,0.13270915936433447,0.2537823508279259,0.0,0.0,0,0,0,0,0,{},0a1ba742,16bb1f9e,2988
1772209918,normal,sw-wk2,0.12422222222218504,0.3280410469120726,3.0,3.0,0,0,0,0,0,{},0a1ba742,16bb1f9e,2988
1772209918,normal,k3s-wk1,0.2547777777777608,0.5609327934455483,0.0,0.0,0,0,0,0,0,{},0a1ba742,16bb1f9e,2988
1772209928,normal,sw-wk3,0.1485271731279617,0.2468131136409395,4.466815560518684,6.00020000666689,0,0,0,0,0,{},0a1ba742,16bb1f9e,2988
1772209928,normal,sw-wk2,0.12422222222218504,0.3280410469120726,3.0,3.0,0,0,0,0,0,{},0a1ba742,16bb1f9e,2988
1772209928,normal,k3s-wk1,0.2547777777777608,0.5609327934455483,0.0,0.0,69,5,0,0,0,"{""process_exec"": 69, ""process_exit"": 67}",0a1ba742,16bb1f9e,2988
1772209938,normal,sw-wk3,0.1485271731279616,0.2468131136409395,4.466815560518684,6.00020000666689,0,0,0,0,0,{},0a1ba742,16bb1f9e,2988
1772209938,normal,sw-wk2,0.12422222222218504,0.3280410469120726,3.0,3.0,0,0,0,0,0,{},0a1ba742,16bb1f9e,2988
1772209938,normal,k3s-wk1,0.3246891770274455,0.561294677929389,5.133162227925735,4.999833338888703,37,3,0,0,0,"{""process_exit"": 37, ""process_exec"": 37}",0a1ba742,16bb1f9e,2988
1772209948,normal,sw-wk3,0.1485271731279616,0.2468131136409395,4.466815560518684,6.00020000666689,0,0,0,0,0,{},0a1ba742,16bb1f9e,2988
1772209948,normal,sw-wk2,0.14708268053383344,0.3282542297716443,5.1335044501483384,5.000166672222408,0,0,0,0,0,{},0a1ba742,16bb1f9e,2988
1772209948,normal,k3s-wk1,0.3246891770274454,0.561294677929389,5.133162227925735,4.999833338888704,0,0,0,0,0,{},0a1ba742,16bb1f9e,2988
1772209958,normal,sw-wk3,0.12317559831485436,0.24679074260012024,0.0,0.0,0,0,0,0,0,{},0a1ba742,16bb1f9e,2988
1772209958,normal,sw-wk2,0.14708268053383367,0.3282542297716443,5.1335044501483384,5.000166672222408,0,0,0,0,0,{},0a1ba742,16bb1f9e,2988
1772209958,normal,k3s-wk1,0.3246891770274455,0.561294677929389,5.133162227925735,4.999833338888703,0,0,0,0,0,{},0a1ba742,16bb1f9e,2988
1772209968,normal,sw-wk3,0.12317559831485436,0.24679074260012024,0.0,0.0,0,0,0,0,0,{},0a1ba742,16bb1f9e,2988
1772209968,crash_loop,sw-wk2,0.14708268053383344,0.3282542297716443,5.1335044501483384,5.000166672222408,0,0,0,0,0,{},0a1ba742,16bb1f9e,2988
1772209968,normal,k3s-wk1,0.29542095847635474,0.5546662701290019,9.600320010667023,11.000366678889295,0,0,0,4,0,"{""process_exit"": 2, ""process_kprobe"": 4}",0a1ba742,16bb1f9e,2988
1772209978,normal,sw-wk3,0.12317559831485436,0.24679074260012024,0.0,0.0,0,0,0,0,0,{},0a1ba742,16bb1f9e,2988
1772209978,crash_loop,sw-wk2,0.17024988055953383,0.3317230570422063,2.999900003333222,2.999900003333222,0,0,0,0,0,{},0a1ba742,16bb1f9e,2988
1772209978,normal,k3s-wk1,0.29542095847635474,0.5546662701290019,9.600320010667023,11.000366678889298,0,0,0,0,0,{},0a1ba742,16bb1f9e,2988
1772209988,normal,sw-wk3,0.16547226203568333,0.24874097098212822,5.133162227925735,4.999833338888703,0,0,0,0,0,{},0a1ba742,16bb1f9e,2988
1772209988,crash_loop,sw-wk2,0.17024988055953383,0.3317230570422063,2.999900003333222,2.999900003333222,0,0,0,0,0,{},0a1ba742,16bb1f9e,2988
1772209988,normal,k3s-wk1,0.29542095847635474,0.5546662701290019,9.600320010667023,11.000366678889298,34,5,0,0,0,"{""process_exec"": 34, ""process_exit"": 33}",0a1ba742,16bb1f9e,2988
1772209998,normal,sw-wk3,0.16547226203568333,0.24874097098212822,5.133162227925735,4.999833338888703,0,0,0,0,0,{},0a1ba742,16bb1f9e,2988
1772209998,crash_loop,sw-wk2,0.17024988055953383,0.3317230570422063,2.999900003333222,2.999900003333222,0,0,0,0,0,{},0a1ba742,16bb1f9e,2988
1772209998,normal,k3s-wk1,0.3191338066509227,0.5626935259523813,5.133162227925735,4.999833338888703,30,1,0,0,0,"{""process_exec"": 30, ""process_exit"": 30}",0a1ba742,16bb1f9e,2988
1772210008,normal,sw-wk3,0.16547226203568333,0.24874097098212822,5.133162227925735,4.999833338888703,0,0,0,0,0,{},0a1ba742,16bb1f9e,2988
1772210008,crash_loop,sw-wk2,0.1447777777777648,0.3319901935884597,0.0,3.0,0,0,0,0,0,{},0a1ba742,16bb1f9e,2988
1772210008,normal,k3s-wk1,0.3191338066509227,0.5626935259523813,5.133162227925736,4.999833338888703,42,3,0,0,0,"{""process_exec"": 42, ""process_exit"": 41}",0a1ba742,16bb1f9e,2988
1772210018,normal,sw-wk3,0.10782595275106133,0.24866201436747193,0.0,0.0,0,0,0,0,0,{},0a1ba742,16bb1f9e,2988
1772210018,crash_loop,sw-wk2,0.1447777777777648,0.3319901935884597,0.0,3.0,0,0,0,0,0,{},0a1ba742,16bb1f9e,2988
1772210018,normal,k3s-wk1,0.3191338066509227,0.5626935259523813,5.133162227925735,4.999833338888703,0,0,0,0,0,"{""process_exit"": 2}",0a1ba742,16bb1f9e,2988
1772210028,normal,sw-wk3,0.10782595275106133,0.24866201436747193,0.0,0.0,0,0,0,0,0,{},0a1ba742,16bb1f9e,2988
1772210028,crash_loop,sw-wk2,0.1447777777777648,0.3319901935884597,0.0,3.0,0,0,0,0,0,{},0a1ba742,16bb1f9e,2988
1772210028,normal,k3s-wk1,0.25975310288117814,0.5626514157578979,0.0,0.0,0,0,0,4,0,"{""process_kprobe"": 4}",0a1ba742,16bb1f9e,2988
1772210038,normal,sw-wk3,0.10782595275106133,0.24866201436747193,0.0,0.0,0,0,0,0,0,{},0a1ba742,16bb1f9e,2988
1772210038,crash_loop,sw-wk2,0.13069564347857343,0.33185333545638895,5.133162227925735,1.9999333355554811,0,0,0,0,0,{},0a1ba742,16bb1f9e,2988
1772210038,normal,k3s-wk1,0.25975310288117803,0.5626514157578979,0.0,0.0,0,0,0,0,0,{},0a1ba742,16bb1f9e,2988
1772210048,normal,sw-wk3,0.14020764035885047,0.25011350013356826,0.0,0.0,0,0,0,0,0,{},0a1ba742,16bb1f9e,2988
1772210048,crash_loop,sw-wk2,0.13069564347857343,0.33185333545638895,5.133162227925735,1.9999333355554816,0,0,0,0,0,{},0a1ba742,16bb1f9e,2988
1772210048,normal,k3s-wk1,0.25975310288117803,0.5626514157578979,0.0,0.0,17,5,0,0,0,"{""process_exec"": 17, ""process_exit"": 15}",0a1ba742,16bb1f9e,2988
1772210058,normal,sw-wk3,0.14020764035885047,0.25011350013356826,0.0,0.0,0,0,0,0,0,{},0a1ba742,16bb1f9e,2988
1772210058,crash_loop,sw-wk2,0.13069564347857343,0.33185333545638895,5.133162227925735,1.9999333355554811,0,0,0,0,0,{},0a1ba742,16bb1f9e,2988
1772210058,normal,k3s-wk1,0.3206893103563079,0.5605393263158449,5.133162227925735,4.999833338888704,56,1,0,0,0,"{""process_exit"": 56, ""process_exec"": 56}",0a1ba742,16bb1f9e,2988
1772210068,normal,sw-wk3,0.14020764035885047,0.25011350013356826,0.0,0.0,0,0,0,0,0,{},0a1ba742,16bb1f9e,2988
1772210068,crash_loop,sw-wk2,0.16108314721601846,0.3320138805728565,0.0,0.0,0,0,0,0,0,{},0a1ba742,16bb1f9e,2988
1772210068,normal,k3s-wk1,0.3206893103563079,0.5605393263158449,5.133162227925735,4.999833338888704,33,3,0,0,0,"{""process_exit"": 34, ""process_exec"": 33}",0a1ba742,16bb1f9e,2988
1772210078,normal,sw-wk3,0.11297043234770532,0.24955948788739735,0.0,0.0,0,0,0,0,0,{},0a1ba742,16bb1f9e,2988
1772210078,crash_loop,sw-wk2,0.16108314721601813,0.3320138805728565,0.0,0.0,0,0,0,0,0,{},0a1ba742,16bb1f9e,2988
1772210078,normal,k3s-wk1,0.3206893103563079,0.5605393263158449,5.133162227925735,4.999833338888703,0,0,0,0,0,{},0a1ba742,16bb1f9e,2988
1772210088,normal,sw-wk3,0.11297043234770532,0.24955948788739735,0.0,0.0,0,0,0,0,0,{},0a1ba742,16bb1f9e,2988
1772210088,crash_loop,sw-wk2,0.16108314721601813,0.3320138805728565,0.0,0.0,0,0,0,0,0,{},0a1ba742,16bb1f9e,2988
1772210088,normal,k3s-wk1,0.22755555555561136,0.5606722366171828,0.0,0.0,0,0,0,4,0,"{""process_exit"": 1, ""process_kprobe"": 4}",0a1ba742,16bb1f9e,2988
1772210138,normal,sw-wk3,0.12347366198905119,0.24908706414303783,0.0,0.0,0,0,0,0,0,{},0a1ba742,16bb1f9e,2988
1772210138,normal,sw-wk2,0.17099999999997328,0.33104008232543025,7.466666666666667,9.0,0,0,0,0,0,{},0a1ba742,16bb1f9e,2988
1772210138,normal,k3s-wk1,0.2931986621776418,0.5616802493976268,490.1163372112404,434.1144704823495,0,0,0,0,0,{},0a1ba742,16bb1f9e,2988
1772210148,normal,sw-wk3,0.12347366198905141,0.24908706414303783,0.0,0.0,0,0,0,0,0,{},0a1ba742,16bb1f9e,2988
1772210148,normal,sw-wk2,0.17099999999997328,0.33104008232543025,7.466666666666667,9.0,0,0,0,0,0,{},0a1ba742,16bb1f9e,2988
1772210148,normal,k3s-wk1,0.29911111111107147,0.5615973449522378,2.0,2.0000000000000004,0,0,0,4,0,"{""process_exit"": 1, ""process_kprobe"": 4}",0a1ba742,16bb1f9e,2988
1772210158,normal,sw-wk3,0.12347366198905141,0.24908706414303783,0.0,0.0,0,0,0,0,0,{},0a1ba742,16bb1f9e,2988
1772210158,normal,sw-wk2,0.1215555555555814,0.3310111315667229,5.133333333333333,8.0,0,0,0,0,0,{},0a1ba742,16bb1f9e,2988
1772210158,normal,k3s-wk1,0.29911111111107147,0.5615973449522378,2.0,2.0,0,0,0,0,0,{},0a1ba742,16bb1f9e,2988
1772210168,normal,sw-wk3,0.13244444444446557,0.24906206121506336,0.0,0.0,0,0,0,0,0,{},0a1ba742,16bb1f9e,2988
1772210168,normal,sw-wk2,0.12155555555558128,0.3310111315667229,5.133333333333333,8.0,0,0,0,0,0,{},0a1ba742,16bb1f9e,2988
1772210168,normal,k3s-wk1,0.29911111111107147,0.5615973449522378,2.0,2.0,1,1,0,0,0,"{""process_exec"": 1}",0a1ba742,16bb1f9e,2988
1772210178,normal,sw-wk3,0.13244444444446557,0.24906206121506336,0.0,0.0,0,0,0,0,0,{},0a1ba742,16bb1f9e,2988
1772210178,normal,sw-wk2,0.1215555555555814,0.3310111315667229,5.133333333333333,8.0,0,0,0,0,0,{},0a1ba742,16bb1f9e,2988
1772210178,normal,k3s-wk1,0.3176666666666885,0.5598063457431199,4.133333333333333,4.0,105,6,0,0,0,"{""process_exec"": 105, ""process_exit"": 106}",0a1ba742,16bb1f9e,2988
1772210188,normal,sw-wk3,0.13244444444446557,0.24906206121506336,0.0,0.0,0,0,0,0,0,{},0a1ba742,16bb1f9e,2988
1772210188,normal,sw-wk2,0.14066666666666505,0.3312980072666404,0.0,0.0,0,0,0,0,0,{},0a1ba742,16bb1f9e,2988
1772210188,normal,k3s-wk1,0.3176666666666885,0.5598063457431199,4.133333333333333,4.0,0,0,0,0,0,{},0a1ba742,16bb1f9e,2988
1772210198,normal,sw-wk3,0.11485938420169717,0.24905811338433048,0.0,0.0,0,0,0,0,0,{},0a1ba742,16bb1f9e,2988
1772210198,normal,sw-wk2,0.14066666666666505,0.3312980072666404,0.0,0.0,0,0,0,0,0,{},0a1ba742,16bb1f9e,2988
1772210198,normal,k3s-wk1,0.3176666666666885,0.5598063457431199,4.133333333333333,4.0,0,0,0,0,0,{},0a1ba742,16bb1f9e,2988
1772210208,normal,sw-wk3,0.11485938420169717,0.24905811338433048,0.0,0.0,0,0,0,0,0,{},0a1ba742,16bb1f9e,2988
1772210208,normal,sw-wk2,0.14066666666666505,0.3312980072666404,0.0,0.0,0,0,0,0,0,{},0a1ba742,16bb1f9e,2988
1772210208,normal,k3s-wk1,0.2366666666666586,0.5582824830802555,9.0,9.6,0,0,0,4,0,"{""process_kprobe"": 4}",0a1ba742,16bb1f9e,2988
1772210218,normal,sw-wk3,0.11485938420169717,0.24905811338433048,0.0,0.0,0,0,0,0,0,{},0a1ba742,16bb1f9e,2988
1772210218,normal,sw-wk2,0.11455555555554975,0.3314335494551336,5.133333333333333,5.0,0,0,0,0,0,{},0a1ba742,16bb1f9e,2988
1772210218,normal,k3s-wk1,0.2366666666666586,0.5582824830802555,9.0,9.6,0,0,0,0,0,{},0a1ba742,16bb1f9e,2988
1772210228,normal,sw-wk3,0.12744444444445735,0.2501003406977922,3.0,3.0,0,0,0,0,0,{},0a1ba742,16bb1f9e,2988
1772210228,normal,sw-wk2,0.11455555555554986,0.3314335494551336,5.133333333333333,5.0,0,0,0,0,0,{},0a1ba742,16bb1f9e,2988
1772210228,normal,k3s-wk1,0.2366666666666586,0.5582824830802555,9.0,9.6,54,5,0,0,0,"{""process_exec"": 54, ""process_exit"": 52}",0a1ba742,16bb1f9e,2988
1772210238,normal,sw-wk3,0.12744444444445735,0.2501003406977922,3.0,3.0,0,0,0,0,0,{},0a1ba742,16bb1f9e,2988
1772210238,normal,sw-wk2,0.11455555555554986,0.3314335494551336,5.133333333333333,5.0,0,0,0,0,0,{},0a1ba742,16bb1f9e,2988
1772210238,normal,k3s-wk1,0.33491105852026515,0.5561414428794951,0.0,0.0,52,3,0,0,0,"{""process_exit"": 52, ""process_exec"": 52}",0a1ba742,16bb1f9e,2988
1772210248,normal,sw-wk3,0.12744444444445735,0.2501003406977922,3.0,3.0,0,0,0,0,0,{},0a1ba742,16bb1f9e,2988
1772210248,normal,sw-wk2,0.13799999999998058,0.3315559322078506,3.0000000000000004,3.0,0,0,0,0,0,{},0a1ba742,16bb1f9e,2988
1772210248,normal,k3s-wk1,0.33491105852026515,0.5561414428794951,0.0,0.0,0,0,0,0,0,{},0a1ba742,16bb1f9e,2988
1772210258,normal,sw-wk3,0.1285555555555119,0.2521400532430772,2.1333333333333333,2.0,0,0,0,0,0,{},0a1ba742,16bb1f9e,2988
1772210258,normal,sw-wk2,0.13799999999998058,0.3315559322078506,3.0,3.0,0,0,0,0,0,{},0a1ba742,16bb1f9e,2988
1772210258,security_suspicious_network,k3s-wk1,0.33491105852026515,0.5561414428794951,0.0,0.0,6,5,0,3,2,"{""process_exit"": 9, ""process_exec"": 6, ""process_kprobe"": 3}",0a1ba742,16bb1f9e,2988
1772210268,normal,sw-wk3,0.1285555555555119,0.2521400532430772,2.1333333333333333,2.0,0,0,0,0,0,{},0a1ba742,16bb1f9e,2988
1772210268,normal,sw-wk2,0.13799999999998058,0.3315559322078506,3.0,3.0,0,0,0,0,0,{},0a1ba742,16bb1f9e,2988
1772210268,security_suspicious_network,k3s-wk1,0.28077777777776236,0.5520041162715108,23.0,24.833333333333332,1,1,0,4,0,"{""process_exec"": 1, ""process_kprobe"": 4}",0a1ba742,16bb1f9e,2988
1772210278,normal,sw-wk3,0.1285555555555119,0.2521400532430772,2.1333333333333333,2.0,0,0,0,0,0,{},0a1ba742,16bb1f9e,2988
1772210278,normal,sw-wk2,0.131444444444484,0.33168752656561096,0.0,0.0,0,0,0,0,0,{},0a1ba742,16bb1f9e,2988
1772210278,security_suspicious_network,k3s-wk1,0.28077777777776236,0.5520041162715108,23.0,24.833333333333332,8,5,0,3,2,"{""process_exit"": 13, ""process_exec"": 8, ""process_kprobe"": 3}",0a1ba742,16bb1f9e,2988
1772210288,normal,sw-wk3,0.14317762821794666,0.25331387491429913,0.0,0.0,0,0,0,0,0,{},0a1ba742,16bb1f9e,2988
1772210288,normal,sw-wk2,0.131444444444484,0.33168752656561096,0.0,0.0,0,0,0,0,0,{},0a1ba742,16bb1f9e,2988
1772210288,security_suspicious_network,k3s-wk1,0.28077777777776236,0.5520041162715108,23.0,24.833333333333332,4,3,0,3,2,"{""process_exec"": 4, ""process_kprobe"": 3, ""process_exit"": 3}",0a1ba742,16bb1f9e,2988
1772210298,normal,sw-wk3,0.14317762821794666,0.25331387491429913,0.0,0.0,0,0,0,0,0,{},0a1ba742,16bb1f9e,2988
1772210298,normal,sw-wk2,0.131444444444484,0.33168752656561096,0.0,0.0,0,0,0,0,0,{},0a1ba742,16bb1f9e,2988
1772210298,security_suspicious_network,k3s-wk1,0.2537529028746026,0.5537530052861454,10.000333344444813,32.06773559118638,4,3,0,1,1,"{""process_exit"": 6, ""process_exec"": 4, ""process_kprobe"": 1}",0a1ba742,16bb1f9e,2988
1772210308,normal,sw-wk3,0.14317762821794666,0.25331387491429913,0.0,0.0,0,0,0,0,0,{},0a1ba742,16bb1f9e,2988
1772210308,normal,sw-wk2,0.13244444444440484,0.33134406529185656,5.133333333333333,5.0,0,0,0,0,0,{},0a1ba742,16bb1f9e,2988
1772210308,security_suspicious_network,k3s-wk1,0.2537529028746025,0.5537530052861454,10.000333344444815,32.06773559118638,1,1,0,2,1,"{""process_kprobe"": 2, ""process_exit"": 1, ""process_exec"": 1}",0a1ba742,16bb1f9e,2988
1772210318,normal,sw-wk3,0.14129456097644322,0.24965818365571757,0.0,0.0,0,0,0,0,0,{},0a1ba742,16bb1f9e,2988
1772210318,normal,sw-wk2,0.13244444444440484,0.33134406529185656,5.133333333333333,5.0,0,0,0,0,0,{},0a1ba742,16bb1f9e,2988
1772210318,security_suspicious_network,k3s-wk1,0.2537529028746025,0.5537530052861454,10.000333344444815,32.06773559118638,6,5,0,3,2,"{""process_exit"": 9, ""process_exec"": 6, ""process_kprobe"": 3}",0a1ba742,16bb1f9e,2988
1772210328,normal,sw-wk3,0.14129456097644344,0.24965818365571757,0.0,0.0,0,0,0,0,0,{},0a1ba742,16bb1f9e,2988
1772210328,normal,sw-wk2,0.13244444444440484,0.33134406529185656,5.133333333333333,5.0,0,0,0,0,0,{},0a1ba742,16bb1f9e,2988
1772210328,security_suspicious_network,k3s-wk1,0.2640245325155246,0.5574692299492967,61.13129562347921,64.99783340555314,6,5,0,7,2,"{""process_exec"": 6, ""process_exit"": 8, ""process_kprobe"": 7}",0a1ba742,16bb1f9e,2988
1772210338,normal,sw-wk3,0.14129456097644322,0.24965818365571757,0.0,0.0,0,0,0,0,0,{},0a1ba742,16bb1f9e,2988
1772210338,normal,sw-wk2,0.11855555555561703,0.3314546045523752,0.0,0.0,0,0,0,0,0,{},0a1ba742,16bb1f9e,2988
1772210338,security_suspicious_network,k3s-wk1,0.2640245325155247,0.5574692299492967,61.13129562347921,64.99783340555314,4,4,0,0,0,"{""process_exec"": 4, ""process_exit"": 5}",0a1ba742,16bb1f9e,2988
1772210348,normal,sw-wk3,0.1520828472060236,0.24814353259789634,4.4668155605186834,6.00020000666689,0,0,0,0,0,{},0a1ba742,16bb1f9e,2988
1772210348,normal,sw-wk2,0.11855555555561703,0.3314546045523752,0.0,0.0,0,0,0,0,0,{},0a1ba742,16bb1f9e,2988
1772210348,security_suspicious_network,k3s-wk1,0.2640245325155247,0.5574692299492967,61.13129562347921,64.99783340555314,6,5,0,3,2,"{""process_kprobe"": 3, ""process_exit"": 8, ""process_exec"": 6}",0a1ba742,16bb1f9e,2988
1772210388,normal,sw-wk3,0.1632222222222076,0.24856595048630692,0.0,0.0,0,0,0,0,0,{},0a1ba742,16bb1f9e,2988
1772210388,normal,sw-wk2,0.14208251386152215,0.3317349005344047,4.466815560518684,6.00020000666689,0,0,0,0,0,{},0a1ba742,16bb1f9e,2988
1772210388,normal,k3s-wk1,0.2720242658577394,0.5661531416179,16.13279557348088,31.5989467017766,1,1,0,1,0,"{""process_exec"": 1, ""process_exit"": 2, ""process_kprobe"": 1}",0a1ba742,16bb1f9e,2988
1772210398,normal,sw-wk3,0.1632222222222076,0.24856595048630692,0.0,0.0,0,0,0,0,0,{},0a1ba742,16bb1f9e,2988
1772210398,normal,sw-wk2,0.12658466939992286,0.33195597905544205,0.0,0.0,0,0,0,0,0,{},0a1ba742,16bb1f9e,2988
1772210398,normal,k3s-wk1,0.2720242658577394,0.5661531416179,16.13279557348088,31.5989467017766,0,0,0,0,0,{},0a1ba742,16bb1f9e,2988
1772210408,normal,sw-wk3,0.13402886570445072,0.2493199861562736,0.0,0.0,0,0,0,0,0,{},0a1ba742,16bb1f9e,2988
1772210408,normal,sw-wk2,0.12658466939992286,0.33195597905544205,0.0,0.0,0,0,0,0,0,{},0a1ba742,16bb1f9e,2988
1772210408,normal,k3s-wk1,0.2720242658577394,0.5661531416179,16.13279557348088,31.5989467017766,1,1,0,3,0,"{""process_kprobe"": 3, ""process_exec"": 1}",0a1ba742,16bb1f9e,2988
1772210418,normal,sw-wk3,0.1340288657044506,0.2493199861562736,0.0,0.0,0,0,0,0,0,{},0a1ba742,16bb1f9e,2988
1772210418,normal,sw-wk2,0.12658466939992286,0.33195597905544205,0.0,0.0,0,0,0,0,0,{},0a1ba742,16bb1f9e,2988
1772210418,normal,k3s-wk1,0.30864362145407587,0.5663084229600572,6.00020000666689,0.0,55,4,0,0,0,"{""process_exec"": 55, ""process_exit"": 55}",0a1ba742,16bb1f9e,2988
1772210428,normal,sw-wk3,0.13402886570445072,0.2493199861562736,0.0,0.0,0,0,0,0,0,{},0a1ba742,16bb1f9e,2988
1772210428,normal,sw-wk2,0.15439929448474,0.33039263808524943,773.0479614680143,99.28091716979851,0,0,0,0,0,{},0a1ba742,16bb1f9e,2988
1772210428,normal,k3s-wk1,0.30864362145407587,0.5663084229600572,6.00020000666689,0.0,36,1,0,0,0,"{""process_exec"": 36, ""process_exit"": 35}",0a1ba742,16bb1f9e,2988
1772210438,normal,sw-wk3,0.10710853317963098,0.24987926217675493,0.0,0.0,0,0,0,0,0,{},0a1ba742,16bb1f9e,2988
1772210438,normal,sw-wk2,0.15439929448474,0.33039263808524943,773.0479614680143,99.28091716979851,0,0,0,0,0,{},0a1ba742,16bb1f9e,2988
1772210438,normal,k3s-wk1,0.30864362145407587,0.5663084229600572,6.00020000666689,0.0,14,3,0,0,0,"{""process_exit"": 15, ""process_exec"": 14}",0a1ba742,16bb1f9e,2988
1772210448,normal,sw-wk3,0.10710853317963098,0.24987926217675493,0.0,0.0,0,0,0,0,0,{},0a1ba742,16bb1f9e,2988
1772210448,normal,sw-wk2,0.15439929448474,0.33039263808524943,773.0479614680143,99.28091716979851,0,0,0,0,0,{},0a1ba742,16bb1f9e,2988
1772210448,normal,k3s-wk1,0.23806616466545227,0.567051931081403,5.223526219388102,5.087850213689708,0,0,0,4,0,"{""process_exit"": 1, ""process_kprobe"": 4}",0a1ba742,16bb1f9e,2988
1772210458,normal,sw-wk3,0.10710853317963098,0.24987926217675493,0.0,0.0,0,0,0,0,0,{},0a1ba742,16bb1f9e,2988
1772210458,normal,sw-wk2,0.13074880273789402,0.3347865736908664,8136.071202373413,327.24424147471586,0,0,0,0,0,{},0a1ba742,16bb1f9e,2988
1772210458,normal,k3s-wk1,0.23806616466545227,0.567051931081403,5.2235262193881,5.087850213689708,0,0,0,0,0,{},0a1ba742,16bb1f9e,2988
1772210468,normal,sw-wk3,0.14188888888887352,0.248834402976138,0.0,0.0,0,0,0,0,0,{},0a1ba742,16bb1f9e,2988
1772210468,normal,sw-wk2,0.13074880273789402,0.3347865736908664,8136.071202373413,327.24424147471586,0,0,0,0,0,{},0a1ba742,16bb1f9e,2988
1772210468,normal,k3s-wk1,0.23806616466545227,0.567051931081403,5.2235262193881,5.087850213689708,1,1,0,0,0,"{""process_exec"": 1}",0a1ba742,16bb1f9e,2988
1772210478,normal,sw-wk3,0.1418888888888733,0.248834402976138,0.0,0.0,0,0,0,0,0,{},0a1ba742,16bb1f9e,2988
1772210478,normal,sw-wk2,0.13074880273789402,0.3347865736908664,8136.071202373413,327.24424147471586,0,0,0,0,0,{},0a1ba742,16bb1f9e,2988
1772210478,normal,k3s-wk1,0.320310677022587,0.5690942755138431,0.0,0.0,105,6,0,0,0,"{""process_exec"": 105, ""process_exit"": 106}",0a1ba742,16bb1f9e,2988
1772210488,normal,sw-wk3,0.14188888888887352,0.248834402976138,0.0,0.0,0,0,0,0,0,{},0a1ba742,16bb1f9e,2988
1772210488,normal,sw-wk2,0.13877777777777534,0.33533005838841656,5.133333333333333,5.0,0,0,0,0,0,{},0a1ba742,16bb1f9e,2988
1772210488,normal,k3s-wk1,0.32031067702258675,0.5690942755138431,0.0,0.0,0,0,0,0,0,{},0a1ba742,16bb1f9e,2988
1772210498,normal,sw-wk3,0.12099999999997335,0.24896862922105356,0.0,0.0,0,0,0,0,0,{},0a1ba742,16bb1f9e,2988
1772210498,normal,sw-wk2,0.13877777777777534,0.33533005838841656,5.133333333333333,5.0,0,0,0,0,0,{},0a1ba742,16bb1f9e,2988
1772210498,normal,k3s-wk1,0.32031067702258675,0.5690942755138431,0.0,0.0,0,0,0,0,0,{},0a1ba742,16bb1f9e,2988
1772210508,normal,sw-wk3,0.12099999999997335,0.24896862922105356,0.0,0.0,0,0,0,0,0,{},0a1ba742,16bb1f9e,2988
1772210508,cpu_stress,sw-wk2,0.13877777777777534,0.33533005838841656,5.133333333333333,5.0,0,0,0,0,0,{},0a1ba742,16bb1f9e,2988
1772210508,normal,k3s-wk1,0.2526915769474125,0.5669453396516171,0.0,0.0,0,0,0,4,0,"{""process_kprobe"": 4}",0a1ba742,16bb1f9e,2988
1772210518,normal,sw-wk3,0.12099999999997335,0.24896862922105356,0.0,0.0,0,0,0,0,0,{},0a1ba742,16bb1f9e,2988
1772210518,cpu_stress,sw-wk2,0.16602779907334986,0.3383185662531534,87397.15342821907,4080.963967867738,0,0,0,0,0,{},0a1ba742,16bb1f9e,2988
1772210518,normal,k3s-wk1,0.2526915769474125,0.5669453396516171,0.0,0.0,0,0,0,0,0,{},0a1ba742,16bb1f9e,2988
1772210528,normal,sw-wk3,0.17408358056375695,0.2497450359318394,0.0,0.0,0,0,0,0,0,{},0a1ba742,16bb1f9e,2988
1772210528,cpu_stress,sw-wk2,0.16602779907334986,0.3383185662531534,87397.15342821904,4080.963967867738,0,0,0,0,0,{},0a1ba742,16bb1f9e,2988
1772210528,normal,k3s-wk1,0.2526915769474125,0.5669453396516171,0.0,0.0,106,7,0,0,0,"{""process_exec"": 106, ""process_exit"": 104}",0a1ba742,16bb1f9e,2988
1772210538,normal,sw-wk3,0.17408358056375695,0.2497450359318394,0.0,0.0,0,0,0,0,0,{},0a1ba742,16bb1f9e,2988
1772210538,cpu_stress,sw-wk2,0.16602779907334986,0.3383185662531534,87397.15342821904,4080.963967867737,0,0,0,0,0,{},0a1ba742,16bb1f9e,2988
1772210538,normal,k3s-wk1,0.34520039556873783,0.5671861573263185,0.0,0.0,0,0,0,0,0,{},0a1ba742,16bb1f9e,2988
1772210548,normal,sw-wk3,0.17408358056375695,0.2497450359318394,0.0,0.0,0,0,0,0,0,{},0a1ba742,16bb1f9e,2988
1772210548,cpu_stress,sw-wk2,0.2365555555556057,0.3401622032053754,744602.0333333333,9536.8,0,0,0,0,0,{},0a1ba742,16bb1f9e,2988
1772210548,normal,k3s-wk1,0.34520039556873783,0.5671861573263185,0.0,0.0,0,0,0,0,0,{},0a1ba742,16bb1f9e,2988
1772210558,normal,sw-wk3,0.134666666666716,0.24972529677817534,0.0,0.0,0,0,0,0,0,{},0a1ba742,16bb1f9e,2988
1772210558,cpu_stress,sw-wk2,0.2365555555556057,0.3401622032053754,744602.0333333333,9536.8,0,0,0,0,0,{},0a1ba742,16bb1f9e,2988
1772210558,normal,k3s-wk1,0.34520039556873783,0.5671861573263185,0.0,0.0,0,0,0,0,0,{},0a1ba742,16bb1f9e,2988
1772210568,normal,sw-wk3,0.134666666666716,0.24972529677817534,0.0,0.0,0,0,0,0,0,{},0a1ba742,16bb1f9e,2988
1772210568,cpu_stress,sw-wk2,0.2365555555556057,0.3401622032053754,744602.0333333333,9536.8,0,0,0,0,0,{},0a1ba742,16bb1f9e,2988
1772210568,normal,k3s-wk1,0.27935735475485535,0.5672387950694227,0.0,0.0,0,0,0,4,0,"{""process_exit"": 2, ""process_kprobe"": 4}",0a1ba742,16bb1f9e,2988
1772210578,normal,sw-wk3,0.134666666666716,0.24972529677817534,0.0,0.0,0,0,0,0,0,{},0a1ba742,16bb1f9e,2988
1772210578,cpu_stress,sw-wk2,0.2026666666666238,0.34172949200630076,900678.0666666667,6422.833333333333,0,0,0,0,0,{},0a1ba742,16bb1f9e,2988
1772210578,normal,k3s-wk1,0.27935735475485535,0.5672387950694227,0.0,0.0,0,0,0,0,0,{},0a1ba742,16bb1f9e,2988
1772210589,normal,sw-wk3,0.13936202126592712,0.2534691562564564,0.0,0.0,0,0,0,0,0,{},0a1ba742,16bb1f9e,2988
1772210589,cpu_stress,sw-wk2,0.2026666666666238,0.34172949200630076,900678.0666666667,6422.833333333333,0,0,0,0,0,{},0a1ba742,16bb1f9e,2988
1772210589,normal,k3s-wk1,0.27935735475485535,0.5672387950694227,0.0,0.0,1,1,0,0,0,"{""process_exec"": 1}",0a1ba742,16bb1f9e,2988
1772210599,normal,sw-wk3,0.139362021265927,0.2534691562564564,0.0,0.0,0,0,0,0,0,{},0a1ba742,16bb1f9e,2988
1772210599,cpu_stress,sw-wk2,0.2026666666666238,0.34172949200630076,900678.0666666667,6422.833333333333,0,0,0,0,0,{},0a1ba742,16bb1f9e,2988
1772210599,normal,k3s-wk1,0.2943098103269882,0.5687600258451319,0.0,0.0,9,4,0,0,0,"{""process_exec"": 9, ""process_exit"": 8}",0a1ba742,16bb1f9e,2988
1772210608,normal,sw-wk3,0.13936202126592712,0.2534691562564564,0.0,0.0,0,0,0,0,0,{},0a1ba742,16bb1f9e,2988
1772210608,cpu_stress,sw-wk2,0.24019689545209966,0.34311912842424963,913864.4621487384,6801.226707556919,0,0,0,0,0,{},0a1ba742,16bb1f9e,2988
1772210608,normal,k3s-wk1,0.2943098103269882,0.5687600258451319,0.0,0.0,96,3,0,0,0,"{""process_exit"": 98, ""process_exec"": 96}",0a1ba742,16bb1f9e,2988
1772210618,normal,sw-wk3,0.12786179024273914,0.24691180940925972,0.0,0.0,0,0,0,0,0,{},0a1ba742,16bb1f9e,2988
1772210618,cpu_stress,sw-wk2,0.24019689545209966,0.34311912842424963,913864.4621487384,6801.226707556919,0,0,0,0,0,{},0a1ba742,16bb1f9e,2988
1772210618,normal,k3s-wk1,0.2943098103269882,0.5687600258451319,0.0,0.0,0,0,0,0,0,{},0a1ba742,16bb1f9e,2988
1772210628,normal,sw-wk3,0.12786179024273914,0.24691180940925972,0.0,0.0,0,0,0,0,0,{},0a1ba742,16bb1f9e,2988
1772210628,cpu_stress,sw-wk2,0.24019689545209966,0.34311912842424963,913864.4621487384,6801.226707556919,0,0,0,0,0,{},0a1ba742,16bb1f9e,2988
1772210628,normal,k3s-wk1,0.3384444444444751,0.569757511076955,0.0,0.0,0,0,0,4,0,"{""process_kprobe"": 4}",0a1ba742,16bb1f9e,2988
1772210668,normal,sw-wk3,0.1458180443436533,0.246990766023916,0.0,0.0,0,0,0,0,0,{},0a1ba742,16bb1f9e,2988
1772210668,normal,sw-wk2,0.18408391390823808,0.34785520936004344,5.1335044501483384,5.000166672222408,0,0,0,0,0,{},0a1ba742,16bb1f9e,2988
1772210668,normal,k3s-wk1,0.3260224659178045,0.5644542584592143,0.0,0.0,5,3,0,0,0,"{""process_exec"": 5, ""process_exit"": 5}",0a1ba742,16bb1f9e,2988
1772210679,normal,sw-wk3,0.1289709656988225,0.24701050517758005,0.0,0.0,0,0,0,0,0,{},0a1ba742,16bb1f9e,2988
1772210679,normal,sw-wk2,0.18408391390823808,0.34785520936004344,5.1335044501483384,5.000166672222407,0,0,0,0,0,{},0a1ba742,16bb1f9e,2988
1772210679,normal,k3s-wk1,0.3260224659178045,0.5644542584592143,0.0,0.0,0,0,0,0,0,{},0a1ba742,16bb1f9e,2988
1772210689,normal,sw-wk3,0.1289709656988225,0.24701050517758005,0.0,0.0,0,0,0,0,0,{},0a1ba742,16bb1f9e,2988
1772210689,normal,sw-wk2,0.18408391390823808,0.34785520936004344,5.1335044501483384,5.000166672222408,0,0,0,0,0,{},0a1ba742,16bb1f9e,2988
1772210689,normal,k3s-wk1,0.2893333333333228,0.5633936079356662,0.0,0.0,0,0,0,4,0,"{""process_exit"": 1, ""process_kprobe"": 4}",0a1ba742,16bb1f9e,2988
1772210698,normal,sw-wk3,0.1289709656988225,0.24701050517758005,0.0,0.0,0,0,0,0,0,{},0a1ba742,16bb1f9e,2988
1772210698,normal,sw-wk2,0.13455555555554177,0.34753543507068596,3.0,3.0,0,0,0,0,0,{},0a1ba742,16bb1f9e,2988
1772210698,normal,k3s-wk1,0.2893333333333228,0.5633936079356662,0.0,0.0,0,0,0,0,0,{},0a1ba742,16bb1f9e,2988
1772210708,normal,sw-wk3,0.1248888888889067,0.24860411285005746,0.0,0.0,0,0,0,0,0,{},0a1ba742,16bb1f9e,2988
1772210708,normal,sw-wk2,0.13455555555554177,0.34753543507068596,3.0,3.0,0,0,0,0,0,{},0a1ba742,16bb1f9e,2988
1772210708,normal,k3s-wk1,0.2893333333333228,0.5633936079356662,0.0,0.0,1,1,0,1,0,"{""process_kprobe"": 1, ""process_exec"": 1}",0a1ba742,16bb1f9e,2988
1772210718,normal,sw-wk3,0.1248888888889067,0.24860411285005746,0.0,0.0,0,0,0,0,0,{},0a1ba742,16bb1f9e,2988
1772210718,normal,sw-wk2,0.13455555555554177,0.34753543507068596,3.0,3.0,0,0,0,0,0,{},0a1ba742,16bb1f9e,2988
1772210718,normal,k3s-wk1,0.2433333333333495,0.558393022340774,180.7,89.36666666666666,0,0,0,0,0,{},0a1ba742,16bb1f9e,2988
1772210728,normal,sw-wk3,0.1248888888889067,0.24860411285005746,0.0,0.0,0,0,0,0,0,{},0a1ba742,16bb1f9e,2988
1772210728,normal,sw-wk2,0.1382509471906752,0.34780388756051694,5.133162227925735,4.999833338888703,0,0,0,0,0,{},0a1ba742,16bb1f9e,2988
1772210728,normal,k3s-wk1,0.2433333333333495,0.558393022340774,180.7,89.36666666666666,9,4,0,0,0,"{""process_exec"": 9, ""process_exit"": 8}",0a1ba742,16bb1f9e,2988
1772210738,normal,sw-wk3,0.13806890117946313,0.24873439126424013,2.998600653028587,2.998600653028587,0,0,0,0,0,{},0a1ba742,16bb1f9e,2988
1772210738,normal,sw-wk2,0.1382509471906752,0.34780388756051694,5.133162227925735,4.999833338888703,0,0,0,0,0,{},0a1ba742,16bb1f9e,2988
1772210738,normal,k3s-wk1,0.2433333333333495,0.558393022340774,180.7,89.36666666666666,72,1,0,0,0,"{""process_exit"": 73, ""process_exec"": 72}",0a1ba742,16bb1f9e,2988
1772210748,normal,sw-wk3,0.13806890117946313,0.24873439126424013,2.998600653028587,2.998600653028587,0,0,0,0,0,{},0a1ba742,16bb1f9e,2988
1772210748,normal,sw-wk2,0.1382509471906752,0.34780388756051694,5.133162227925735,4.999833338888703,0,0,0,0,0,{},0a1ba742,16bb1f9e,2988
1772210748,normal,k3s-wk1,0.27964265475513905,0.5568046784426071,7.133571119037301,7.000233341111371,24,3,0,3,0,"{""process_exec"": 24, ""process_exit"": 25, ""process_kprobe"": 3}",0a1ba742,16bb1f9e,2988
1772210758,normal,sw-wk3,0.13806890117946313,0.24873439126424013,2.998600653028587,2.998600653028587,0,0,0,0,0,{},0a1ba742,16bb1f9e,2988
1772210758,normal,sw-wk2,0.12974876940342772,0.3480131225893559,2.133404446814894,2.0000666688889632,0,0,0,0,0,{},0a1ba742,16bb1f9e,2988
1772210758,normal,k3s-wk1,0.27964265475513905,0.5568046784426071,7.133571119037302,7.000233341111371,0,0,0,0,0,{},0a1ba742,16bb1f9e,2988
1772210768,normal,sw-wk3,0.12336868316324767,0.24923708171088454,6.603081438004402,8.003735076368972,0,0,0,0,0,{},0a1ba742,16bb1f9e,2988
1772210768,normal,sw-wk2,0.12974876940342772,0.3480131225893559,2.133404446814894,2.0000666688889632,0,0,0,0,0,{},0a1ba742,16bb1f9e,2988
1772210768,normal,k3s-wk1,0.27964265475513905,0.5568046784426071,7.133571119037302,7.000233341111371,1,1,0,1,0,"{""process_kprobe"": 1, ""process_exec"": 1}",0a1ba742,16bb1f9e,2988
1772210778,normal,sw-wk3,0.12336868316324745,0.24923708171088454,6.603081438004402,8.003735076368972,0,0,0,0,0,{},0a1ba742,16bb1f9e,2988
1772210778,normal,sw-wk2,0.12974876940342772,0.3480131225893559,2.133404446814894,2.0000666688889632,0,0,0,0,0,{},0a1ba742,16bb1f9e,2988
1772210778,normal,k3s-wk1,0.29544444444446627,0.5570533917787741,7.133333333333333,7.0,53,4,0,0,0,"{""process_exec"": 53, ""process_exit"": 52}",0a1ba742,16bb1f9e,2988
1772210788,normal,sw-wk3,0.12336868316324745,0.24923708171088454,6.603081438004402,8.003735076368972,0,0,0,0,0,{},0a1ba742,16bb1f9e,2988
1772210788,normal,sw-wk2,0.14544444444444604,0.34821972573103954,5.133333333333333,5.0,0,0,0,0,0,{},0a1ba742,16bb1f9e,2988
1772210788,security_high_process,k3s-wk1,0.29544444444446627,0.5570533917787741,7.133333333333335,7.0,52,3,0,0,0,"{""process_exit"": 54, ""process_exec"": 52}",0a1ba742,16bb1f9e,2988
1772210798,normal,sw-wk3,0.14355555555553623,0.2499226883148158,5.133333333333333,5.0,0,0,0,0,0,{},0a1ba742,16bb1f9e,2988
1772210798,normal,sw-wk2,0.14544444444444604,0.34821972573103954,5.133333333333333,5.0,0,0,0,0,0,{},0a1ba742,16bb1f9e,2988
1772210798,security_high_process,k3s-wk1,0.29544444444446627,0.5570533917787741,7.133333333333333,7.0,83,3,0,0,0,"{""process_exec"": 83, ""process_exit"": 11}",0a1ba742,16bb1f9e,2988
1772210808,normal,sw-wk3,0.14355555555553623,0.2499226883148158,5.133333333333333,5.0,0,0,0,0,0,{},0a1ba742,16bb1f9e,2988
1772210808,normal,sw-wk2,0.14544444444444604,0.34821972573103954,5.133333333333333,5.0,0,0,0,0,0,{},0a1ba742,16bb1f9e,2988
1772210808,security_high_process,k3s-wk1,0.36968767707743566,0.5573152645507171,603.3465551148296,309.15636145461815,90,4,0,0,0,"{""process_exec"": 90, ""process_exit"": 42}",0a1ba742,16bb1f9e,2988
1772210818,normal,sw-wk3,0.14355555555553623,0.2499226883148158,5.133333333333333,5.0,0,0,0,0,0,{},0a1ba742,16bb1f9e,2988
1772210818,normal,sw-wk2,0.1302512138484202,0.34858424210203565,5.133162227925735,4.999833338888703,0,0,0,0,0,{},0a1ba742,16bb1f9e,2988
1772210818,security_high_process,k3s-wk1,0.36968767707743566,0.5573152645507171,603.3465551148294,309.15636145461815,129,4,0,0,0,"{""process_exec"": 129, ""process_exit"": 93}",0a1ba742,16bb1f9e,2988
1772210828,normal,sw-wk3,0.15222222222218962,0.25158340910975097,0.0,0.0,0,0,0,0,0,{},0a1ba742,16bb1f9e,2988
1772210828,normal,sw-wk2,0.1302512138484202,0.34858424210203565,5.133162227925735,4.999833338888703,0,0,0,0,0,{},0a1ba742,16bb1f9e,2988
1772210828,security_high_process,k3s-wk1,0.36968767707743566,0.5573152645507171,603.3465551148294,309.15636145461815,101,4,0,0,0,"{""process_exit"": 23, ""process_exec"": 101}",0a1ba742,16bb1f9e,2988
1772210838,normal,sw-wk3,0.15222222222218995,0.25158340910975097,0.0,0.0,0,0,0,0,0,{},0a1ba742,16bb1f9e,2988
1772210838,normal,sw-wk2,0.1302512138484202,0.34858424210203565,5.133162227925735,4.999833338888703,0,0,0,0,0,{},0a1ba742,16bb1f9e,2988
1772210838,security_high_process,k3s-wk1,0.36255555555552643,0.5607288221910197,11.133333333333333,11.6,16,4,0,0,0,"{""process_exit"": 40, ""process_exec"": 16}",0a1ba742,16bb1f9e,2988
1772210848,normal,sw-wk3,0.15222222222218995,0.25158340910975097,0.0,0.0,0,0,0,0,0,{},0a1ba742,16bb1f9e,2988
1772210848,normal,sw-wk2,0.1414444444444598,0.3482144619567291,0.0,0.0,0,0,0,0,0,{},0a1ba742,16bb1f9e,2988
1772210848,security_high_process,k3s-wk1,0.36255555555552643,0.5607288221910197,11.133333333333333,11.6,74,2,0,0,0,"{""process_exec"": 74, ""process_exit"": 6}",0a1ba742,16bb1f9e,2988
1772210858,normal,sw-wk3,0.15188888888893015,0.2515820931661734,5.133333333333333,5.000000000000001,0,0,0,0,0,{},0a1ba742,16bb1f9e,2988
1772210858,normal,sw-wk2,0.1414444444444598,0.3482144619567291,0.0,0.0,0,0,0,0,0,{},0a1ba742,16bb1f9e,2988
1772210858,security_high_process,k3s-wk1,0.36255555555552643,0.5607288221910197,11.133333333333333,11.6,11,1,0,0,0,"{""process_exec"": 11, ""process_exit"": 21}",0a1ba742,16bb1f9e,2988
1772210868,normal,sw-wk3,0.15188888888893015,0.2515820931661734,5.133333333333333,5.0,0,0,0,0,0,{},0a1ba742,16bb1f9e,2988
1772210868,normal,sw-wk2,0.1414444444444598,0.3482144619567291,0.0,0.0,0,0,0,0,0,{},0a1ba742,16bb1f9e,2988
1772210868,security_high_process,k3s-wk1,0.34644444444442746,0.5612815184936131,4.466666666666667,6.0,0,0,0,0,0,"{""process_exit"": 16}",0a1ba742,16bb1f9e,2988
1772210878,normal,sw-wk3,0.15188888888893015,0.2515820931661734,5.133333333333333,5.0,0,0,0,0,0,{},0a1ba742,16bb1f9e,2988
1772210878,normal,sw-wk2,0.12377777777773091,0.34825920403836763,5.133333333333333,5.0,0,0,0,0,0,{},0a1ba742,16bb1f9e,2988
1772210878,security_high_process,k3s-wk1,0.34644444444442746,0.5612815184936131,4.466666666666667,6.0,101,4,0,2,0,"{""process_exit"": 34, ""process_exec"": 101, ""process_kprobe"": 2}",0a1ba742,16bb1f9e,2988
1772210888,normal,sw-wk3,0.1589169249913609,0.25317175300791805,0.0,0.0,0,0,0,0,0,{},0a1ba742,16bb1f9e,2988
1772210888,normal,sw-wk2,0.12377777777773091,0.34825920403836763,5.133333333333333,5.0,0,0,0,0,0,{},0a1ba742,16bb1f9e,2988
1772210888,security_high_process,k3s-wk1,0.34644444444442746,0.5612815184936131,4.466666666666667,6.0,1110,4,0,2,0,"{""process_exit"": 559, ""process_exec"": 1110, ""process_kprobe"": 2}",0a1ba742,16bb1f9e,2988
1772210898,normal,sw-wk3,0.158916924991361,0.25317175300791805,0.0,0.0,0,0,0,0,0,{},0a1ba742,16bb1f9e,2988
1772210898,normal,sw-wk2,0.12377777777773091,0.34825920403836763,5.133333333333333,5.0,0,0,0,0,0,{},0a1ba742,16bb1f9e,2988
1772210898,security_high_process,k3s-wk1,0.38555555555556364,0.5643068727785228,0.0,0.0,77,4,0,0,0,"{""process_exec"": 77, ""process_exit"": 40}",0a1ba742,16bb1f9e,2988
1772210908,normal,sw-wk3,0.158916924991361,0.25317175300791805,0.0,0.0,0,0,0,0,0,{},0a1ba742,16bb1f9e,2988
1772210908,normal,sw-wk2,0.14647289534795627,0.34797232833845015,5.133162227925735,4.999833338888703,0,0,0,0,0,{},0a1ba742,16bb1f9e,2988
1772210908,security_high_process,k3s-wk1,0.38555555555556364,0.5643068727785228,0.0,0.0,25,2,0,0,0,"{""process_exec"": 25, ""process_exit"": 41}",0a1ba742,16bb1f9e,2988
1772210918,normal,sw-wk3,0.16977777777780523,0.2541797657883621,0.0,0.0,0,0,0,0,0,{},0a1ba742,16bb1f9e,2988
1772210918,normal,sw-wk2,0.14647289534795638,0.34797232833845015,5.133162227925735,4.999833338888703,0,0,0,0,0,{},0a1ba742,16bb1f9e,2988
1772210918,security_high_process,k3s-wk1,0.38555555555556364,0.5643068727785228,0.0,0.0,81,4,0,0,0,"{""process_exit"": 13, ""process_exec"": 81}",0a1ba742,16bb1f9e,2988
1772210958,normal,sw-wk3,0.1765281064924119,0.2516334149656999,0.0,0.0,0,0,0,0,0,{},0a1ba742,16bb1f9e,2988
1772210958,normal,sw-wk2,0.12863762125404088,0.34800522692789027,5.1335044501483384,5.000166672222408,0,0,0,0,0,{},0a1ba742,16bb1f9e,2988
1772210958,normal,k3s-wk1,0.37455555555554587,0.5687087040456054,3.0,3.0,96,4,0,0,0,"{""process_exit"": 58, ""process_exec"": 96}",0a1ba742,16bb1f9e,2988
1772210968,normal,sw-wk3,0.1765281064924119,0.2516334149656999,0.0,0.0,0,0,0,0,0,{},0a1ba742,16bb1f9e,2988
1772210968,normal,sw-wk2,0.1562503472106228,0.34819867063379795,9.59968001066631,10.999633345555148,0,0,0,0,0,{},0a1ba742,16bb1f9e,2988
1772210968,normal,k3s-wk1,0.37455555555554587,0.5687087040456054,3.0,3.0,23,4,0,0,0,"{""process_exec"": 23, ""process_exit"": 32}",0a1ba742,16bb1f9e,2988
1772210978,normal,sw-wk3,0.16000000000003634,0.24934235719709286,5.133333333333333,5.0,0,0,0,0,0,{},0a1ba742,16bb1f9e,2988
1772210978,normal,sw-wk2,0.1562503472106228,0.34819867063379795,9.59968001066631,10.999633345555146,0,0,0,0,0,{},0a1ba742,16bb1f9e,2988
1772210978,normal,k3s-wk1,0.37455555555554587,0.5687087040456054,3.0,3.0,83,2,0,0,0,"{""process_exec"": 83, ""process_exit"": 12}",0a1ba742,16bb1f9e,2988
1772210988,normal,sw-wk3,0.16000000000003634,0.24934235719709286,5.133333333333333,5.0,0,0,0,0,0,{},0a1ba742,16bb1f9e,2988
1772210988,normal,sw-wk2,0.1562503472106228,0.34819867063379795,9.59968001066631,10.999633345555146,0,0,0,0,0,{},0a1ba742,16bb1f9e,2988
1772210988,normal,k3s-wk1,0.267777777777802,0.5687692374501752,2.1333333333333333,2.0,72,4,0,0,0,"{""process_exit"": 41, ""process_exec"": 72}",0a1ba742,16bb1f9e,2988
1772210998,normal,sw-wk3,0.16000000000003634,0.24934235719709286,5.133333333333333,5.0,0,0,0,0,0,{},0a1ba742,16bb1f9e,2988
1772210998,normal,sw-wk2,0.11997066568886838,0.348052600896684,5.1335044501483384,5.000166672222408,0,0,0,0,0,{},0a1ba742,16bb1f9e,2988
1772210998,normal,k3s-wk1,0.267777777777802,0.5687692374501752,2.1333333333333333,2.0,332,4,0,0,0,"{""process_exec"": 332, ""process_exit"": 204}",0a1ba742,16bb1f9e,2988
1772211008,normal,sw-wk3,0.13211111111110474,0.24644728132636584,0.0,0.0,0,0,0,0,0,{},0a1ba742,16bb1f9e,2988
1772211008,normal,sw-wk2,0.11997066568886838,0.348052600896684,5.1335044501483384,5.000166672222408,0,0,0,0,0,{},0a1ba742,16bb1f9e,2988
1772211008,normal,k3s-wk1,0.267777777777802,0.5687692374501752,2.1333333333333333,2.0,105,4,0,0,0,"{""process_exec"": 105, ""process_exit"": 55}",0a1ba742,16bb1f9e,2988
1772211018,normal,sw-wk3,0.13211111111110474,0.24644728132636584,0.0,0.0,0,0,0,0,0,{},0a1ba742,16bb1f9e,2988
1772211018,normal,sw-wk2,0.11997066568886838,0.348052600896684,5.1335044501483384,5.000166672222408,0,0,0,0,0,{},0a1ba742,16bb1f9e,2988
1772211018,normal,k3s-wk1,0.272246480672806,0.572728911675183,0.0,0.0,493,4,0,0,0,"{""process_exec"": 493, ""process_exit"": 223}",0a1ba742,16bb1f9e,2988
1772211028,normal,sw-wk3,0.13211111111110474,0.24644728132636584,0.0,0.0,0,0,0,0,0,{},0a1ba742,16bb1f9e,2988
1772211028,normal,sw-wk2,0.1365555555555652,0.3481302415677625,5.133333333333333,5.0,0,0,0,0,0,{},0a1ba742,16bb1f9e,2988
1772211028,normal,k3s-wk1,0.272246480672806,0.572728911675183,0.0,0.0,19,4,0,3,0,"{""process_exit"": 37, ""process_exec"": 19, ""process_kprobe"": 3}",0a1ba742,16bb1f9e,2988
1772211038,normal,sw-wk3,0.12190679283842565,0.24789218737457408,0.0,0.0,0,0,0,0,0,{},0a1ba742,16bb1f9e,2988
1772211038,normal,sw-wk2,0.1365555555555652,0.3481302415677625,5.133333333333333,5.0,0,0,0,0,0,{},0a1ba742,16bb1f9e,2988
1772211038,normal,k3s-wk1,0.272246480672806,0.572728911675183,0.0,0.0,292,4,0,1,0,"{""process_exec"": 292, ""process_kprobe"": 1, ""process_exit"": 143}",0a1ba742,16bb1f9e,2988
1772211048,normal,sw-wk3,0.12190679283842587,0.24789218737457408,0.0,0.0,0,0,0,0,0,{},0a1ba742,16bb1f9e,2988
1772211048,normal,sw-wk2,0.1365555555555652,0.3481302415677625,5.133333333333333,5.0,0,0,0,0,0,{},0a1ba742,16bb1f9e,2988
1772211048,normal,k3s-wk1,0.2961987621810003,0.5697035573902733,0.0,0.0,909,4,0,0,0,"{""process_exit"": 453, ""process_exec"": 909}",0a1ba742,16bb1f9e,2988
1772211058,normal,sw-wk3,0.12190679283842587,0.24789218737457408,0.0,0.0,0,0,0,0,0,{},0a1ba742,16bb1f9e,2988
1772211058,normal,sw-wk2,0.11377777777777531,0.3475854409266348,0.0,0.0,0,0,0,0,0,{},0a1ba742,16bb1f9e,2988
1772211058,normal,k3s-wk1,0.2961987621810003,0.5697035573902733,0.0,0.0,301,4,0,0,0,"{""process_exit"": 145, ""process_exec"": 301}",0a1ba742,16bb1f9e,2988
1772211068,normal,sw-wk3,0.12842914943751405,0.24883045514540514,4.46845404828598,6.002400960384153,0,0,0,0,0,{},0a1ba742,16bb1f9e,2988
1772211068,normal,sw-wk2,0.11377777777777531,0.3475854409266348,0.0,0.0,0,0,0,0,0,{},0a1ba742,16bb1f9e,2988
1772211068,normal,k3s-wk1,0.2961987621810003,0.5697035573902733,0.0,0.0,52,4,0,0,0,"{""process_exec"": 52, ""process_exit"": 39}",0a1ba742,16bb1f9e,2988
