timestamp,label,node,avg_cpu,avg_mem,net_bytes_in,net_bytes_out,exec_count,unique_process_count,tmp_exec_count,outbound_connect_count,mining_port_count,syscall_feature_vector
1772026506,normal,k3s-wk1,0.17274210193415274,0.4792271726557452,0.0,0.0,0,0,0,0,0,{}
1772026506,normal,sw-wk2,0.1392814291427823,0.41425036204783805,0.0,0.0,0,0,0,0,0,{}
1772026506,normal,sw-wk3,0.12337121338354351,0.2943707529003613,0.0,0.0,0,0,0,0,0,{}
1772026516,normal,k3s-wk1,0.22698375585913444,0.49336567045351365,0.0,0.0,0,0,0,0,0,{}
1772026516,normal,sw-wk2,0.1392814291427823,0.41425036204783805,0.0,0.0,0,0,0,0,0,{}
1772026516,normal,sw-wk3,0.12337121338354362,0.2943707529003613,0.0,0.0,0,0,0,0,0,{}
1772026526,normal,k3s-wk1,0.22698375585913444,0.49336567045351365,0.0,0.0,0,0,0,0,0,{}
1772026526,normal,sw-wk2,0.18022131857876045,0.416446520362207,0.0,0.0,0,0,0,0,0,{}
1772026526,normal,sw-wk3,0.12337121338354362,0.2943707529003613,0.0,0.0,0,0,0,0,0,{}
1772026536,normal,k3s-wk1,0.22698375585913444,0.49336567045351365,0.0,0.0,0,0,0,1,0,"{""process_kprobe"": 1}"
1772026536,normal,sw-wk2,0.18022131857876045,0.416446520362207,0.0,0.0,0,0,0,0,0,{}
1772026536,normal,sw-wk3,0.11091842860001633,0.29448215223514806,0.0,0.0,0,0,0,0,0,{}
1772026546,normal,k3s-wk1,0.17083028001687695,0.4961686302738084,178.23596029578312,86.30337752314969,0,0,0,0,0,{}
1772026546,normal,sw-wk2,0.18022131857876045,0.416446520362207,0.0,0.0,0,0,0,0,0,{}
1772026546,normal,sw-wk3,0.11091842860001633,0.29448215223514806,0.0,0.0,0,0,0,0,0,{}
1772026556,normal,k3s-wk1,0.17083028001687695,0.4961686302738084,178.23596029578312,86.30337752314969,0,0,0,0,0,{}
1772026556,normal,sw-wk2,0.14266186570647355,0.4198422107993698,5.134360205374408,5.001000200040008,0,0,0,0,0,{}
1772026556,normal,sw-wk3,0.11091842860001633,0.29448215223514806,0.0,0.0,0,0,0,0,0,{}
1772026566,normal,k3s-wk1,0.17083028001687695,0.4961686302738084,178.23596029578312,86.30337752314969,36,4,0,0,0,"{""process_exec"": 36, ""process_exit"": 35}"
1772026566,normal,sw-wk2,0.14266186570647355,0.4198422107993698,5.134360205374408,5.001000200040008,0,0,0,0,0,{}
1772026566,normal,sw-wk3,0.12242109122420763,0.2945915622960994,0.0,0.0,0,0,0,0,0,{}
1772026576,normal,k3s-wk1,0.22560494403503684,0.5010836795361562,4.134849444796425,4.001467204641703,21,1,0,0,0,"{""process_exec"": 21, ""process_exit"": 21}"
1772026576,normal,sw-wk2,0.14266186570647355,0.4198422107993698,5.134360205374408,5.001000200040008,0,0,0,0,0,{}
1772026576,normal,sw-wk3,0.12242109122420763,0.2945915622960994,0.0,0.0,0,0,0,0,0,{}
1772026586,normal,k3s-wk1,0.22560494403503684,0.5010836795361562,4.134849444796425,4.001467204641703,8,1,0,0,0,"{""process_exec"": 8, ""process_exit"": 7}"
1772026586,normal,sw-wk2,0.17401871025735094,0.42439366933494593,0.0,0.0,0,0,0,0,0,{}
1772026586,normal,sw-wk3,0.12242109122420763,0.2945915622960994,0.0,0.0,0,0,0,0,0,{}
1772026596,normal,k3s-wk1,0.22560494403503684,0.5010836795361562,4.134849444796425,4.001467204641702,9,1,0,0,0,"{""process_exit"": 10, ""process_exec"": 9}"
1772026596,normal,sw-wk2,0.17401871025735094,0.42439366933494593,0.0,0.0,0,0,0,0,0,{}
1772026596,normal,sw-wk3,0.1033034434481156,0.29458957302226396,0.0,0.0,0,0,0,0,0,{}
1772026606,normal,k3s-wk1,0.17069592183800586,0.5027772989205315,4.1348494447964255,4.001467204641702,31,3,0,3,0,"{""process_exec"": 31, ""process_exit"": 32, ""process_kprobe"": 3}"
1772026606,normal,sw-wk2,0.17401871025735094,0.42439366933494593,0.0,0.0,0,0,0,0,0,{}
1772026606,normal,sw-wk3,0.1033034434481156,0.29458957302226396,0.0,0.0,0,0,0,0,0,{}
1772026616,normal,k3s-wk1,0.17069592183800586,0.5027772989205315,4.134849444796425,4.001467204641702,0,0,0,0,0,{}
1772026616,normal,sw-wk2,0.20251643693889188,0.4251137864633894,0.0,0.0,0,0,0,0,0,{}
1772026616,normal,sw-wk3,0.1033034434481156,0.29458957302226396,0.0,0.0,0,0,0,0,0,{}
1772026626,normal,k3s-wk1,0.17069592183800586,0.5027772989205315,4.134849444796425,4.001467204641702,105,6,0,4,0,"{""process_kprobe"": 4, ""process_exec"": 105, ""process_exit"": 105}"
1772026626,normal,sw-wk2,0.20251643693889188,0.4251137864633894,0.0,0.0,0,0,0,0,0,{}
1772026626,normal,sw-wk3,0.15777718514567862,0.2947029616308863,0.0,0.0,0,0,0,0,0,{}
1772026636,normal,k3s-wk1,0.2295555555555565,0.500952085178396,8.133333333333333,8.6,0,0,0,0,0,{}
1772026636,normal,sw-wk2,0.20251643693889188,0.4251137864633894,0.0,0.0,0,0,0,0,0,{}
1772026636,normal,sw-wk3,0.15777718514567862,0.2947029616308863,0.0,0.0,0,0,0,0,0,{}
1772026646,normal,k3s-wk1,0.2295555555555563,0.500952085178396,8.133333333333333,8.6,0,0,0,0,0,{}
1772026646,normal,sw-wk2,0.18986878039032684,0.4260029918678485,4.462798907613402,5.99480450276427,0,0,0,0,0,{}
1772026646,normal,sw-wk3,0.15777718514567862,0.2947029616308863,0.0,0.0,0,0,0,0,0,{}
1772026656,normal,k3s-wk1,0.2295555555555565,0.500952085178396,8.133333333333333,8.6,0,0,0,0,0,{}
1772026656,normal,sw-wk2,0.18986878039032684,0.4260029918678485,4.4627989076134025,5.994804502764271,0,0,0,0,0,{}
1772026656,normal,sw-wk3,0.12356704878698976,0.29481038241800217,0.0,0.0,0,0,0,0,0,{}
1772026666,normal,k3s-wk1,0.17526688416894087,0.5005349310642957,0.0,0.0,0,0,0,0,0,{}
1772026666,normal,sw-wk2,0.18986878039032684,0.4260029918678485,4.462798907613402,5.994804502764271,0,0,0,0,0,{}
1772026666,normal,sw-wk3,0.12356704878698976,0.29481038241800217,0.0,0.0,0,0,0,0,0,{}
1772026676,normal,k3s-wk1,0.17526688416894087,0.5005349310642957,0.0,0.0,0,0,0,0,0,{}
1772026676,normal,sw-wk2,0.15204483287744308,0.4261561659531804,0.0,0.0,0,0,0,0,0,{}
1772026676,normal,sw-wk3,0.12356704878698976,0.29481038241800217,0.0,0.0,0,0,0,0,0,{}
1772026686,normal,k3s-wk1,0.17526688416894087,0.5005349310642957,0.0,0.0,29,4,0,1,0,"{""process_kprobe"": 1, ""process_exec"": 29, ""process_exit"": 28}"
1772026686,normal,sw-wk2,0.15204483287744308,0.4261561659531804,0.0,0.0,0,0,0,0,0,{}
1772026686,normal,sw-wk3,0.1259999999999991,0.2958109871572481,0.0,0.0,0,0,0,0,0,{}
1772026696,normal,k3s-wk1,0.22234830785661863,0.5026470205063488,0.0,0.0,76,3,0,4,0,"{""process_exec"": 76, ""process_exit"": 77, ""process_kprobe"": 4}"
1772026696,normal,sw-wk2,0.15204483287744308,0.4261561659531804,0.0,0.0,0,0,0,0,0,{}
1772026696,normal,sw-wk3,0.1259999999999991,0.2958109871572481,0.0,0.0,0,0,0,0,0,{}
1772026706,normal,k3s-wk1,0.22234830785661863,0.5026470205063488,0.0,0.0,0,0,0,0,0,{}
1772026706,normal,sw-wk2,0.19372583011068145,0.42941061794802426,0.0,0.0,0,0,0,0,0,{}
1772026706,normal,sw-wk3,0.1259999999999991,0.2958109871572481,0.0,0.0,0,0,0,0,0,{}
1772026716,normal,k3s-wk1,0.22234830785661863,0.5026470205063488,0.0,0.0,0,0,0,0,0,{}
1772026716,normal,sw-wk2,0.19372583011068145,0.42941061794802426,0.0,0.0,0,0,0,0,0,{}
1772026716,normal,sw-wk3,0.10592824753267549,0.29656293266705924,0.0,0.0,0,0,0,0,0,{}
1772026726,normal,k3s-wk1,0.1984444444444433,0.504416964618225,0.0,0.0,0,0,0,0,0,{}
1772026726,normal,sw-wk2,0.19372583011068145,0.42941061794802426,0.0,0.0,0,0,0,0,0,{}
1772026726,normal,sw-wk3,0.10592824753267549,0.29656293266705924,0.0,0.0,0,0,0,0,0,{}
1772026736,normal,k3s-wk1,0.1984444444444433,0.504416964618225,0.0,0.0,0,0,0,0,0,{}
1772026736,normal,sw-wk2,0.14062500000000133,0.42949615672294983,0.0,0.0,0,0,0,0,0,{}
1772026736,normal,sw-wk3,0.10592824753267549,0.29656293266705924,0.0,0.0,0,0,0,0,0,{}
1772026746,normal,k3s-wk1,0.1984444444444433,0.504416964618225,0.0,0.0,29,4,0,0,0,"{""process_exec"": 29, ""process_exit"": 28}"
1772026746,normal,sw-wk2,0.14062500000000133,0.42949615672294983,0.0,0.0,0,0,0,0,0,{}
1772026746,normal,sw-wk3,0.11817636472705328,0.2974899342743925,4.465773511964273,5.99880023995201,0,0,0,0,0,{}
1772026756,normal,k3s-wk1,0.21948943544624533,0.5028575714787653,0.0,0.0,76,3,0,4,0,"{""process_exec"": 76, ""process_exit"": 77, ""process_kprobe"": 4}"
1772026756,normal,sw-wk2,0.14062500000000133,0.42949615672294983,0.0,0.0,0,0,0,0,0,{}
1772026756,normal,sw-wk3,0.11817636472705328,0.2974899342743925,4.465773511964274,5.99880023995201,0,0,0,0,0,{}
1772026766,normal,k3s-wk1,0.21948943544624533,0.5028575714787653,0.0,0.0,0,0,0,0,0,{}
1772026766,normal,sw-wk2,0.18019669944990735,0.42761430367458664,0.0,0.0,0,0,0,0,0,{}
1772026766,normal,sw-wk3,0.11817636472705328,0.2974899342743925,4.465773511964274,5.99880023995201,0,0,0,0,0,{}
1772026776,normal,k3s-wk1,0.21948943544624533,0.5028575714787653,0.0,0.0,0,0,0,0,0,{}
1772026776,normal,sw-wk2,0.18019669944990735,0.42761430367458664,0.0,0.0,0,0,0,0,0,{}
1772026776,normal,sw-wk3,0.11348936453957548,0.2974620844406958,0.0,0.0,0,0,0,0,0,{}
1772026786,normal,k3s-wk1,0.19126957680773138,0.5085937695335374,0.0,0.0,0,0,0,0,0,{}
1772026786,normal,sw-wk2,0.18019669944990735,0.42761430367458664,0.0,0.0,0,0,0,0,0,{}
1772026786,normal,sw-wk3,0.11348936453957548,0.2974620844406958,0.0,0.0,0,0,0,0,0,{}
1772026796,normal,k3s-wk1,0.19126957680773138,0.5085937695335374,0.0,0.0,0,0,0,0,0,{}
1772026796,normal,sw-wk2,0.16902427791302088,0.4277814026767669,0.0,0.0,0,0,0,0,0,{}
1772026796,normal,sw-wk3,0.11348936453957548,0.2974620844406958,0.0,0.0,0,0,0,0,0,{}
1772026806,normal,k3s-wk1,0.19126957680773138,0.5085937695335374,0.0,0.0,67,4,0,0,0,"{""process_exec"": 67, ""process_exit"": 65}"
1772026806,normal,sw-wk2,0.16902427791302088,0.4277814026767669,0.0,0.0,0,0,0,0,0,{}
1772026806,normal,sw-wk3,0.12100913150703185,0.2975655266801407,0.0,0.0,0,0,0,0,0,{}
1772026816,normal,k3s-wk1,0.2237321254107817,0.502808881566394,4.463096189714895,5.995203836930456,38,3,0,4,0,"{""process_exit"": 40, ""process_exec"": 38, ""process_kprobe"": 4}"
1772026816,normal,sw-wk2,0.16902427791302088,0.4277814026767669,0.0,0.0,0,0,0,0,0,{}
1772026816,normal,sw-wk3,0.12100913150703185,0.2975655266801407,0.0,0.0,0,0,0,0,0,{}
1772026826,normal,k3s-wk1,0.2237321254107817,0.502808881566394,4.463096189714895,5.995203836930456,0,0,0,0,0,{}
1772026826,normal,sw-wk2,0.182856370578099,0.4278470487133377,0.0,0.0,0,0,0,0,0,{}
1772026826,normal,sw-wk3,0.12100913150703185,0.2975655266801407,0.0,0.0,0,0,0,0,0,{}
1772026836,normal,k3s-wk1,0.2237321254107817,0.502808881566394,4.463096189714895,5.995203836930456,0,0,0,0,0,{}
1772026836,normal,sw-wk2,0.182856370578099,0.4278470487133377,0.0,0.0,0,0,0,0,0,{}
1772026836,normal,sw-wk3,0.128412841284129,0.2975595588586343,0.0,0.0,0,0,0,0,0,{}
1772026846,normal,k3s-wk1,0.17412105028927316,0.5036576651739479,0.0,0.0,0,0,0,0,0,{}
1772026846,normal,sw-wk2,0.182856370578099,0.4278470487133377,0.0,0.0,0,0,0,0,0,{}
1772026846,normal,sw-wk3,0.128412841284129,0.2975595588586343,0.0,0.0,0,0,0,0,0,{}
1772026856,normal,k3s-wk1,0.17412105028927316,0.5036576651739479,0.0,0.0,0,0,0,0,0,{}
1772026856,normal,sw-wk2,0.19700606788024155,0.4281613539793434,0.0,0.0,0,0,0,0,0,{}
1772026856,normal,sw-wk3,0.128412841284129,0.2975595588586343,0.0,0.0,0,0,0,0,0,{}
1772026866,normal,k3s-wk1,0.17412105028927316,0.5036576651739479,0.0,0.0,33,4,0,0,0,"{""process_exec"": 33, ""process_exit"": 32}"
1772026866,normal,sw-wk2,0.19700606788024155,0.4281613539793434,0.0,0.0,0,0,0,0,0,{}
1772026866,normal,sw-wk3,0.11991199119911866,0.29767095819342104,0.0,0.0,0,0,0,0,0,{}
1772026876,normal,k3s-wk1,0.2185555555555564,0.5014613553429283,5.133333333333333,5.0,13,1,0,0,0,"{""process_exec"": 13, ""process_exit"": 12}"
1772026876,normal,sw-wk2,0.19700606788024155,0.4281613539793434,0.0,0.0,0,0,0,0,0,{}
1772026876,normal,sw-wk3,0.11991199119911888,0.29767095819342104,0.0,0.0,0,0,0,0,0,{}
1772026886,normal,k3s-wk1,0.2185555555555564,0.5014613553429283,5.133333333333333,5.0,59,3,0,2,0,"{""process_exit"": 61, ""process_exec"": 59, ""process_kprobe"": 2}"
1772026886,normal,sw-wk2,0.17510829723425725,0.4277933383197797,0.0,0.0,0,0,0,0,0,{}
1772026886,normal,sw-wk3,0.11991199119911888,0.29767095819342104,0.0,0.0,0,0,0,0,0,{}
1772026896,normal,k3s-wk1,0.2185555555555564,0.5014613553429283,5.133333333333333,5.0,0,0,0,0,0,{}
1772026896,normal,sw-wk2,0.17510829723425725,0.4277933383197797,0.0,0.0,0,0,0,0,0,{}
1772026896,normal,sw-wk3,0.13500000000000045,0.2976530547289018,0.0,0.0,0,0,0,0,0,{}
1772026906,normal,k3s-wk1,0.17569053410189017,0.5028049337356612,0.0,0.0,0,0,0,0,0,{}
1772026906,normal,sw-wk2,0.17510829723425725,0.4277933383197797,0.0,0.0,0,0,0,0,0,{}
1772026906,normal,sw-wk3,0.13500000000000045,0.2976530547289018,0.0,0.0,0,0,0,0,0,{}
1772026917,normal,k3s-wk1,0.17569053410189017,0.5028049337356612,0.0,0.0,1,1,0,2,0,"{""process_kprobe"": 2, ""process_exec"": 1}"
1772026917,normal,sw-wk2,0.15549999999999886,0.42796441586963097,4.466666666666667,6.0,0,0,0,0,0,{}
1772026917,normal,sw-wk3,0.13500000000000045,0.2976530547289018,0.0,0.0,0,0,0,0,0,{}
1772026931,normal,k3s-wk1,0.17569053410189017,0.5028049337356612,0.0,0.0,0,0,0,4,0,"{""process_kprobe"": 4}"
1772026931,normal,sw-wk2,0.15549999999999886,0.42796441586963097,4.466666666666667,6.0,0,0,0,0,0,{}
1772026931,normal,sw-wk3,0.19324734193247384,0.30525208078043187,0.0,0.0,0,0,0,0,0,{}
1772026937,normal,k3s-wk1,0.6000889185283982,0.49787935692469254,592.43081027009,294.4648216072024,0,0,0,0,0,{}
1772026937,normal,sw-wk2,0.15549999999999886,0.42796441586963097,4.466666666666667,6.0,0,0,0,0,0,{}
1772026937,normal,sw-wk3,0.19324734193247384,0.30525208078043187,0.0,0.0,0,0,0,0,0,{}
1772026947,normal,k3s-wk1,0.6000889185283982,0.49787935692469254,592.43081027009,294.4648216072024,0,0,0,0,0,{}
1772026947,normal,sw-wk2,0.17222296306174212,0.42771177809252514,0.0,0.0,0,0,0,0,0,{}
1772026947,normal,sw-wk3,0.19324734193247384,0.30525208078043187,0.0,0.0,0,0,0,0,0,{}
1772026961,normal,k3s-wk1,0.6000889185283982,0.49787935692469254,592.4308102700901,294.4648216072024,0,0,0,0,0,{}
1772026961,normal,sw-wk2,0.17222296306174212,0.42771177809252514,0.0,0.0,0,0,0,0,0,{}
1772026961,normal,sw-wk3,0.12457912457912501,0.3061353183633846,0.0,0.0,0,0,0,0,0,{}
1772026968,normal,k3s-wk1,0.67960895406321,0.49998223476170234,8.131978003666056,8.598566905515748,0,0,0,0,0,{}
1772026968,normal,sw-wk2,0.17222296306174212,0.42771177809252514,0.0,0.0,0,0,0,0,0,{}
1772026968,normal,sw-wk3,0.12457912457912501,0.3061353183633846,0.0,0.0,0,0,0,0,0,{}
1772026978,normal,k3s-wk1,0.67960895406321,0.49998223476170234,8.131978003666056,8.598566905515748,0,0,0,0,0,{}
1772026978,normal,sw-wk2,0.14441889144418862,0.42774758502156374,0.0,0.0,0,0,0,0,0,{}
1772026978,normal,sw-wk3,0.12457912457912501,0.3061353183633846,0.0,0.0,0,0,0,0,0,{}
1772026988,normal,k3s-wk1,0.67960895406321,0.49998223476170234,8.131978003666056,8.598566905515748,0,0,0,4,0,"{""process_kprobe"": 4}"
1772026988,normal,sw-wk2,0.1444188914441884,0.42774758502156374,0.0,0.0,0,0,0,0,0,{}
1772026988,normal,sw-wk3,0.16774989167749987,0.3090336903416777,5.132820051328201,4.999500049995,0,0,0,0,0,{}
1772026998,normal,k3s-wk1,0.6351360340584065,0.500182258185498,0.0,0.0,0,0,0,0,0,{}
1772026998,normal,sw-wk2,0.1444188914441884,0.42774758502156374,0.0,0.0,0,0,0,0,0,{}
1772026998,normal,sw-wk3,0.16774989167749987,0.3090336903416777,5.132820051328201,4.999500049995,0,0,0,0,0,{}
1772027008,normal,k3s-wk1,0.6351360340584065,0.500182258185498,0.0,0.0,0,0,0,0,0,{}
1772027008,normal,sw-wk2,0.2241149409960671,0.42793855530976976,0.0,0.0,0,0,0,0,0,{}
1772027008,normal,sw-wk3,0.16774989167749987,0.3090336903416777,5.132820051328201,4.999500049995,0,0,0,0,0,{}
1772027018,normal,k3s-wk1,0.6351360340584065,0.500182258185498,0.0,0.0,0,0,0,0,0,{}
1772027018,normal,sw-wk2,0.2241149409960671,0.42793855530976976,0.0,0.0,0,0,0,0,0,{}
1772027018,normal,sw-wk3,0.13824715804913756,0.30872734217101394,0.0,0.0,0,0,0,0,0,{}
1772027028,normal,k3s-wk1,0.6128148593572516,0.5002546350822662,0.0,0.0,0,0,0,0,0,{}
1772027028,normal,sw-wk2,0.2241149409960671,0.42793855530976976,0.0,0.0,0,0,0,0,0,{}
1772027028,normal,sw-wk3,0.13824715804913756,0.30872734217101394,0.0,0.0,0,0,0,0,0,{}
1772027038,normal,k3s-wk1,0.6128148593572516,0.5002546350822662,0.0,0.0,0,0,0,0,0,"{""process_exit"": 1}"
1772027038,normal,sw-wk2,0.1640841081009019,0.42771177809252514,0.0,0.0,0,0,0,0,0,{}
1772027038,normal,sw-wk3,0.13824715804913756,0.30872734217101394,0.0,0.0,0,0,0,0,0,{}
1772027048,normal,k3s-wk1,0.6128148593572516,0.5002546350822662,0.0,0.0,105,6,0,3,0,"{""process_exit"": 107, ""process_exec"": 105, ""process_kprobe"": 3}"
1772027048,normal,sw-wk2,0.1640841081009019,0.42771177809252514,0.0,0.0,0,0,0,0,0,{}
1772027048,normal,sw-wk3,0.16516666666666613,0.30871341725416557,0.0,0.0,0,0,0,0,0,{}
1772027058,normal,k3s-wk1,0.30025784653685506,0.5022088112950069,0.0,0.0,0,0,0,0,0,{}
1772027058,normal,sw-wk2,0.1640841081009019,0.42771177809252514,0.0,0.0,0,0,0,0,0,{}
1772027058,normal,sw-wk3,0.16516666666666613,0.30871341725416557,0.0,0.0,0,0,0,0,0,{}
1772027068,normal,k3s-wk1,0.30025784653685506,0.5022088112950069,0.0,0.0,1,1,0,1,0,"{""process_kprobe"": 1, ""process_exec"": 1}"
1772027068,normal,sw-wk2,0.21051754034947479,0.42789081273771823,5.135387488328664,5.002000800320128,0,0,0,0,0,{}
1772027068,normal,sw-wk3,0.16516666666666613,0.30871341725416557,0.0,0.0,0,0,0,0,0,{}
1772027078,normal,k3s-wk1,0.30025784653685506,0.5022088112950069,0.0,0.0,0,0,0,0,0,{}
1772027078,normal,sw-wk2,0.21051754034947479,0.42789081273771823,5.135387488328664,5.002000800320127,0,0,0,0,0,{}
1772027078,normal,sw-wk3,0.12431261456424014,0.30871341725416557,0.0,0.0,0,0,0,0,0,{}
1772027088,normal,k3s-wk1,0.228180091312027,0.5894269197313896,0.0,0.0,0,0,0,0,0,{}
1772027088,normal,sw-wk2,0.21051754034947479,0.42789081273771823,5.135387488328664,5.002000800320127,0,0,0,0,0,{}
1772027088,normal,sw-wk3,0.12431261456424014,0.30871341725416557,0.0,0.0,0,0,0,0,0,{}
1772027098,normal,k3s-wk1,0.228180091312027,0.5894269197313896,0.0,0.0,0,0,0,0,0,{}
1772027098,normal,sw-wk2,0.15388718495799458,0.42825484984961093,0.0,0.0,0,0,0,0,0,{}
1772027098,normal,sw-wk3,0.12431261456424014,0.30871341725416557,0.0,0.0,0,0,0,0,0,{}
1772027108,normal,k3s-wk1,0.228180091312027,0.5894269197313896,0.0,0.0,0,0,0,4,0,"{""process_kprobe"": 4}"
1772027108,normal,sw-wk2,0.15388718495799458,0.42825484984961093,0.0,0.0,0,0,0,0,0,{}
1772027108,normal,sw-wk3,0.19186531088514736,0.31167146744752294,0.0,0.0,0,0,0,0,0,{}
1772027118,normal,k3s-wk1,0.2104707620857078,0.5211333958845181,0.0,0.0,0,0,0,0,0,"{""process_exit"": 1}"
1772027118,normal,sw-wk2,0.15388718495799458,0.42825484984961093,0.0,0.0,0,0,0,0,0,{}
1772027118,normal,sw-wk3,0.19186531088514736,0.31167146744752294,0.0,0.0,0,0,0,0,0,{}
1772027128,normal,k3s-wk1,0.21047076208570747,0.5211333958845181,0.0,0.0,1,1,0,1,0,"{""process_exec"": 1, ""process_kprobe"": 1}"
1772027128,normal,sw-wk2,0.18416666666666592,0.4286586724382132,0.0,0.0,0,0,0,0,0,{}
1772027128,normal,sw-wk3,0.19186531088514736,0.31167146744752294,0.0,0.0,0,0,0,0,0,{}
1772027138,normal,k3s-wk1,0.2104707620857078,0.5211333958845181,0.0,0.0,0,0,0,0,0,{}
1772027138,normal,sw-wk2,0.18416666666666592,0.4286586724382132,0.0,0.0,0,0,0,0,0,{}
1772027138,normal,sw-wk3,0.13349999999999607,0.3118942661170966,0.0,0.0,0,0,0,0,0,{}
1772027148,normal,k3s-wk1,0.1786408845918781,0.6190856560834097,173.16219369894984,86.3810635105851,0,0,0,0,0,{}
1772027148,normal,sw-wk2,0.18416666666666592,0.4286586724382132,0.0,0.0,0,0,0,0,0,{}
1772027148,normal,sw-wk3,0.13349999999999607,0.3118942661170966,0.0,0.0,0,0,0,0,0,{}
1772027158,normal,k3s-wk1,0.1786408845918781,0.6190856560834097,173.16219369894984,86.3810635105851,0,0,0,0,0,{}
1772027158,normal,sw-wk2,0.14122073857014528,0.42932706844693413,0.0,0.0,0,0,0,0,0,{}
1772027158,normal,sw-wk3,0.13349999999999607,0.3118942661170966,0.0,0.0,0,0,0,0,0,{}
1772027168,normal,k3s-wk1,0.1786408845918781,0.6190856560834097,173.1621936989498,86.3810635105851,0,0,0,3,0,"{""process_exit"": 1, ""process_kprobe"": 3}"
1772027168,normal,sw-wk2,0.14122073857014528,0.42932706844693413,0.0,0.0,0,0,0,0,0,{}
1772027168,normal,sw-wk3,0.20316666666666738,0.312859063927304,0.0,0.0,0,0,0,0,0,{}
1772027178,normal,k3s-wk1,0.2245505324760395,0.5082332009932742,1.9988673085251694,1.9988673085251694,0,0,0,0,0,{}
1772027178,normal,sw-wk2,0.14122073857014528,0.42932706844693413,0.0,0.0,0,0,0,0,0,{}
1772027178,normal,sw-wk3,0.2031666666666676,0.312859063927304,0.0,0.0,0,0,0,0,0,{}
1772027188,normal,k3s-wk1,0.2245505324760395,0.5082332009932742,1.9988673085251694,1.9988673085251694,1,1,0,1,0,"{""process_kprobe"": 1, ""process_exec"": 1}"
1772027188,normal,sw-wk2,0.1781461592341822,0.43010288524277096,0.0,0.0,0,0,0,0,0,{}
1772027188,normal,sw-wk3,0.2031666666666676,0.312859063927304,0.0,0.0,0,0,0,0,0,{}
1772027198,normal,k3s-wk1,0.2245505324760395,0.5082332009932742,1.9988673085251694,1.9988673085251694,0,0,0,0,0,{}
1772027198,normal,sw-wk2,0.1781461592341822,0.43010288524277096,0.0,0.0,0,0,0,0,0,{}
1772027198,normal,sw-wk3,0.19390849411843303,0.3125467479351337,0.0,0.0,0,0,0,0,0,{}
1772027208,normal,k3s-wk1,0.23649099399599782,0.6003203006667885,4.136090727151434,4.00266844563042,0,0,0,0,0,{}
1772027208,normal,sw-wk2,0.1781461592341822,0.43010288524277096,0.0,0.0,0,0,0,0,0,{}
1772027208,normal,sw-wk3,0.19390849411843303,0.3125467479351337,0.0,0.0,0,0,0,0,0,{}
1772027218,normal,k3s-wk1,0.23649099399599782,0.6003203006667885,4.136090727151434,4.0026684456304205,0,0,0,0,0,"{""process_exit"": 1}"
1772027218,normal,sw-wk2,0.16924974169249518,0.43625173066823686,0.0,0.0,0,0,0,0,0,{}
1772027218,normal,sw-wk3,0.19390849411843303,0.3125467479351337,0.0,0.0,0,0,0,0,0,{}
1772027228,normal,k3s-wk1,0.23649099399599782,0.6003203006667885,4.136090727151434,4.0026684456304205,105,6,0,4,0,"{""process_kprobe"": 4, ""process_exec"": 105, ""process_exit"": 104}"
1772027228,normal,sw-wk2,0.16924974169249518,0.43625173066823686,0.0,0.0,0,0,0,0,0,{}
1772027228,normal,sw-wk3,0.20059351138674875,0.315803189203813,1872.940203727785,805.5410417569716,0,0,0,0,0,{}
1772027238,normal,k3s-wk1,0.3212262579140285,0.5158051403388029,5.9980006664445185,6.597800733088971,0,0,0,0,0,{}
1772027238,normal,sw-wk2,0.16924974169249518,0.43625173066823686,0.0,0.0,0,0,0,0,0,{}
1772027238,normal,sw-wk3,0.20059351138674875,0.315803189203813,1983.5283918508885,973.5445094639504,0,0,0,0,0,{}
1772027248,normal,k3s-wk1,0.3212262579140285,0.5158051403388029,5.9980006664445185,6.597800733088971,0,0,0,0,0,{}
1772027248,normal,sw-wk2,0.19986012122826957,0.43741545586199215,4.462798907613402,5.994804502764271,0,0,0,0,0,{}
1772027248,normal,sw-wk3,0.20059351138674875,0.315803189203813,1983.5283918508885,1009.6362242005935,0,0,0,0,0,{}
1772027259,normal,k3s-wk1,0.3212262579140285,0.5158051403388029,5.9980006664445185,6.597800733088971,0,0,0,0,0,{}
1772027259,normal,sw-wk2,0.19986012122826957,0.43741545586199215,4.462798907613402,5.994804502764271,0,0,0,0,0,{}
1772027259,normal,sw-wk3,0.16483333333333117,0.3157096933335455,20.0,21.8,0,0,0,0,0,{}
1772027269,normal,k3s-wk1,0.2683116594420384,0.5148050232198245,0.0,0.0,0,0,0,0,0,{}
1772027269,normal,sw-wk2,0.19986012122826957,0.43741545586199215,4.462798907613402,5.994804502764271,0,0,0,0,0,{}
1772027269,normal,sw-wk3,0.16483333333333117,0.3157096933335455,20.0,21.8,0,0,0,0,0,{}
1772027279,normal,k3s-wk1,0.2683116594420384,0.5148050232198245,0.0,0.0,0,0,0,0,0,{}
1772027279,normal,sw-wk2,0.15722096279504028,0.437855085379633,0.0,0.0,0,0,0,0,0,{}
1772027279,normal,sw-wk3,0.16483333333333117,0.3157096933335455,20.0,21.8,0,0,0,0,0,{}
1772027289,normal,k3s-wk1,0.26831165944203816,0.5148050232198245,0.0,0.0,47,4,0,0,0,"{""process_exit"": 46, ""process_exec"": 47}"
1772027289,normal,sw-wk2,0.15722096279504028,0.437855085379633,0.0,0.0,0,0,0,0,0,{}
1772027289,normal,sw-wk3,0.1245000000000005,0.31569775769053265,0.0,0.0,0,0,0,0,0,{}
1772027299,normal,k3s-wk1,0.2823333333333292,0.5130469226001466,4.466666666666667,6.0,58,3,0,3,0,"{""process_exit"": 60, ""process_exec"": 58, ""process_kprobe"": 3}"
1772027299,normal,sw-wk2,0.15722096279504028,0.437855085379633,0.0,0.0,0,0,0,0,0,{}
1772027299,normal,sw-wk3,0.1245000000000005,0.31569775769053265,0.0,0.0,0,0,0,0,0,{}
1772027309,normal,k3s-wk1,0.2823333333333292,0.5130469226001466,4.466666666666667,6.0,0,0,0,0,0,{}
1772027309,normal,sw-wk2,0.17672960170791718,0.4390227891210593,0.0,0.0,0,0,0,0,0,{}
1772027309,normal,sw-wk3,0.1245000000000005,0.31569775769053265,0.0,0.0,0,0,0,0,0,{}
1772027319,normal,k3s-wk1,0.2823333333333292,0.5130469226001466,4.466666666666667,6.0,0,0,0,0,0,{}
1772027319,normal,sw-wk2,0.17672960170791718,0.4390227891210593,0.0,0.0,0,0,0,0,0,{}
1772027319,normal,sw-wk3,0.12283333333333535,0.315799210656142,4.466666666666667,6.0,0,0,0,0,0,{}
1772027329,normal,k3s-wk1,0.20505480850308588,0.5131100878918715,0.0,0.0,0,0,0,0,0,{}
1772027329,normal,sw-wk2,0.17672960170791718,0.4390227891210593,0.0,0.0,0,0,0,0,0,{}
1772027329,normal,sw-wk3,0.12283333333333535,0.315799210656142,4.466666666666667,6.0,0,0,0,0,0,{}
1772027339,normal,k3s-wk1,0.20505480850308588,0.5131100878918715,0.0,0.0,0,0,0,0,0,{}
1772027339,normal,sw-wk2,0.13713199746607563,0.43876816207011793,0.0,0.0,0,0,0,0,0,{}
1772027339,normal,sw-wk3,0.12283333333333535,0.315799210656142,4.466666666666667,6.0,0,0,0,0,0,{}
1772027349,normal,k3s-wk1,0.20505480850308588,0.5131100878918715,0.0,0.0,105,6,0,4,0,"{""process_kprobe"": 4, ""process_exec"": 105, ""process_exit"": 105}"
1772027349,normal,sw-wk2,0.13713199746607563,0.43876816207011793,0.0,0.0,0,0,0,0,0,{}
1772027349,normal,sw-wk3,0.14050000000000107,0.31588673870490314,165.93333333333334,54.699999999999996,0,0,0,0,0,{}
1772027359,normal,k3s-wk1,0.29129389771665304,0.5115414831473686,0.0,0.0,0,0,0,0,0,{}
1772027359,normal,sw-wk2,0.13713199746607563,0.43876816207011793,0.0,0.0,0,0,0,0,0,{}
1772027359,normal,sw-wk3,0.14050000000000107,0.31588673870490314,165.93333333333334,54.699999999999996,0,0,0,0,0,{}
1772027369,normal,k3s-wk1,0.29129389771665304,0.5115414831473686,0.0,0.0,1,1,0,1,0,"{""process_kprobe"": 1, ""process_exec"": 1}"
1772027369,normal,sw-wk2,0.2425656754233927,0.4461065932492003,599.1798906520869,306.674223229764,0,0,0,0,0,{}
1772027369,normal,sw-wk3,0.14050000000000107,0.31588673870490314,165.93333333333334,54.699999999999996,0,0,0,0,0,{}
1772027379,normal,k3s-wk1,0.29129389771665304,0.5115414831473686,0.0,0.0,3,2,0,0,0,"{""process_exec"": 3, ""process_exit"": 2}"
1772027379,normal,sw-wk2,0.2425656754233927,0.4461065932492003,599.1798906520869,306.674223229764,0,0,0,0,0,{}
1772027379,normal,sw-wk3,0.18696883852691282,0.3150651686108503,0.0,0.0,0,0,0,0,0,{}
1772027389,normal,k3s-wk1,0.3071747385250807,0.5127495193516083,1152.1883951768705,572.0471654120312,0,0,0,0,0,"{""process_exit"": 1}"
1772027389,normal,sw-wk2,0.2425656754233927,0.4461065932492003,599.1798906520869,306.674223229764,0,0,0,0,0,{}
1772027389,normal,sw-wk3,0.18696883852691282,0.3150651686108503,0.0,0.0,0,0,0,0,0,{}
1772027399,normal,k3s-wk1,0.3071747385250806,0.5127495193516083,1152.1883951768705,572.0471654120312,2,2,0,0,0,"{""process_exit"": 3, ""process_exec"": 2}"
1772027399,normal,sw-wk2,0.2032270969462603,0.4469142384264049,1151.6202160288037,573.0764101880251,0,0,0,0,0,{}
1772027399,normal,sw-wk3,0.18696883852691282,0.3150651686108503,0.0,0.0,0,0,0,0,0,{}
1772027409,normal,k3s-wk1,0.3071747385250806,0.5127495193516083,1152.1883951768705,572.0471654120312,0,0,0,4,0,"{""process_kprobe"": 4}"
1772027409,normal,sw-wk2,0.2032270969462603,0.4469142384264049,1151.6202160288037,573.0764101880251,0,0,0,0,0,{}
1772027409,normal,sw-wk3,0.2750458409734955,0.31581512484682595,0.0,0.0,0,0,0,0,0,{}
1772027419,normal,k3s-wk1,0.2512286788089053,0.511215129140123,601.4410567749683,303.3224364533991,0,0,0,0,0,{}
1772027419,normal,sw-wk2,0.2032270969462603,0.4469142384264049,1151.6202160288037,573.0764101880251,0,0,0,0,0,{}
1772027419,normal,sw-wk3,0.2750458409734955,0.31581512484682595,0.0,0.0,0,0,0,0,0,{}
1772027429,normal,k3s-wk1,0.2512286788089053,0.511215129140123,601.4410567749683,303.3224364533991,2,2,0,0,0,"{""process_exec"": 2, ""process_exit"": 2}"
1772027429,normal,sw-wk2,0.20213297783702533,0.4485713035313589,32.12797867022163,15.19746708881853,0,0,0,0,0,{}
1772027429,normal,sw-wk3,0.2750458409734955,0.31581512484682595,0.0,0.0,0,0,0,0,0,{}
1772027439,normal,k3s-wk1,0.2512286788089053,0.511215129140123,601.4410567749683,303.3224364533991,0,0,0,0,0,{}
1772027439,normal,sw-wk2,0.20213297783702533,0.4485713035313589,32.12797867022163,15.19746708881853,0,0,0,0,0,{}
1772027439,normal,sw-wk3,0.12916666666666665,0.31554458360520077,0.0,0.0,0,0,0,0,0,{}
1772027449,normal,k3s-wk1,0.22633333333333205,0.5105597892384766,577.9333333333333,292.6333333333334,0,0,0,0,0,{}
1772027449,normal,sw-wk2,0.20213297783702533,0.4485713035313589,32.12797867022163,15.19746708881853,0,0,0,0,0,{}
1772027449,normal,sw-wk3,0.12916666666666665,0.31554458360520077,0.0,0.0,0,0,0,0,0,{}
1772027459,normal,k3s-wk1,0.22633333333333205,0.5105597892384766,577.9333333333333,292.6333333333333,0,0,0,0,0,{}
1772027459,normal,sw-wk2,0.20758742540920427,0.446275681525216,575.3241990865753,291.9291929192919,0,0,0,0,0,{}
1772027459,normal,sw-wk3,0.12916666666666665,0.31554458360520077,0.0,0.0,0,0,0,0,0,{}
1772027469,normal,k3s-wk1,0.22633333333333205,0.5105597892384766,577.9333333333333,292.6333333333333,0,0,0,4,0,"{""process_kprobe"": 4}"
1772027469,normal,sw-wk2,0.2075874254092045,0.446275681525216,575.3241990865753,291.9291929192919,0,0,0,0,0,{}
1772027469,normal,sw-wk3,0.23099999999999832,0.3130400878463325,0.0,0.0,0,0,0,0,0,{}
1772027479,normal,k3s-wk1,0.24822222222222134,0.5086727261481936,8.133333333333333,8.6,0,0,0,0,0,{}
1772027479,normal,sw-wk2,0.2075874254092045,0.446275681525216,575.3241990865753,291.9291929192919,0,0,0,0,0,{}
1772027479,normal,sw-wk3,0.23099999999999832,0.3130400878463325,0.0,0.0,0,0,0,0,0,{}
1772027489,normal,k3s-wk1,0.24822222222222134,0.5086727261481936,8.133333333333333,8.6,2,2,0,0,0,"{""process_exec"": 2, ""process_exit"": 2}"
1772027489,normal,sw-wk2,0.20761384092272872,0.445511800372392,6.000400026668445,6.60044002933529,0,0,0,0,0,{}
1772027489,normal,sw-wk3,0.23099999999999832,0.3130400878463325,0.0,0.0,0,0,0,0,0,{}
1772027499,normal,k3s-wk1,0.24822222222222134,0.5086727261481936,8.133333333333333,8.6,0,0,0,0,0,{}
1772027499,normal,sw-wk2,0.20761384092272872,0.445511800372392,6.000400026668445,6.60044002933529,0,0,0,0,0,{}
1772027499,normal,sw-wk3,0.16566666666666763,0.3130221843818133,0.0,0.0,0,0,0,0,0,{}
1772027509,normal,k3s-wk1,0.2534444444444438,0.509424129931005,581.0333333333333,286.43333333333334,0,0,0,0,0,{}
1772027509,normal,sw-wk2,0.20761384092272872,0.445511800372392,6.000400026668445,6.60044002933529,0,0,0,0,0,{}
1772027509,normal,sw-wk3,0.16566666666666763,0.3130221843818133,0.0,0.0,0,0,0,0,0,{}
1772027519,normal,k3s-wk1,0.2534444444444438,0.509424129931005,581.0333333333333,286.43333333333334,0,0,0,0,0,{}
1772027519,normal,sw-wk2,0.14947508748542349,0.4447618441364164,0.0,0.0,0,0,0,0,0,{}
1772027519,normal,sw-wk3,0.16566666666666763,0.3130221843818133,0.0,0.0,0,0,0,0,0,{}
1772027529,normal,k3s-wk1,0.2534444444444438,0.509424129931005,581.0333333333333,286.43333333333334,20,4,0,4,0,"{""process_kprobe"": 4, ""process_exec"": 20, ""process_exit"": 18}"
1772027529,normal,sw-wk2,0.14947508748542349,0.4447618441364164,0.0,0.0,0,0,0,0,0,{}
1772027529,normal,sw-wk3,0.17366666666666797,0.3130142272864713,0.0,0.0,0,0,0,0,0,{}
1772027539,normal,k3s-wk1,0.2773333333333362,0.5049828203565944,8.133333333333333,8.6,42,1,0,0,0,"{""process_exit"": 43, ""process_exec"": 42}"
1772027539,normal,sw-wk2,0.14947508748542349,0.4447618441364164,0.0,0.0,0,0,0,0,0,{}
1772027539,normal,sw-wk3,0.17366666666666797,0.3130142272864713,0.0,0.0,0,0,0,0,0,{}
1772027549,normal,k3s-wk1,0.2773333333333362,0.5049828203565944,8.133333333333333,8.6,22,1,0,0,0,"{""process_exec"": 22, ""process_exit"": 21}"
1772027549,normal,sw-wk2,0.23753958993165525,0.44462458424176843,0.0,0.0,0,0,0,0,0,{}
1772027549,normal,sw-wk3,0.17366666666666797,0.3130142272864713,0.0,0.0,0,0,0,0,0,{}
1772027559,normal,k3s-wk1,0.2773333333333362,0.5049828203565944,8.133333333333333,8.6,21,3,0,0,0,"{""process_exit"": 23, ""process_exec"": 21}"
1772027559,normal,sw-wk2,0.23753958993165503,0.44462458424176843,0.0,0.0,0,0,0,0,0,{}
1772027559,normal,sw-wk3,0.12451685992269845,0.3131196587997518,0.0,0.0,0,0,0,0,0,{}
1772027569,normal,k3s-wk1,0.1997200186654201,0.5059474069989776,0.0,0.0,0,0,0,0,0,{}
1772027569,normal,sw-wk2,0.23753958993165525,0.44462458424176843,0.0,0.0,0,0,0,0,0,{}
1772027569,normal,sw-wk3,0.12451685992269845,0.3131196587997518,0.0,0.0,0,0,0,0,0,{}
1772027579,normal,k3s-wk1,0.1997200186654201,0.5059474069989776,0.0,0.0,0,0,0,0,0,{}
1772027579,normal,sw-wk2,0.14061458472203436,0.4445350669191718,4.466071190507932,5.999200106652447,0,0,0,0,0,{}
1772027579,normal,sw-wk3,0.12451685992269845,0.3131196587997518,0.0,0.0,0,0,0,0,0,{}
1772027589,normal,k3s-wk1,0.1997200186654201,0.5059474069989776,0.0,0.0,83,4,0,0,0,"{""process_exec"": 83, ""process_exit"": 82}"
1772027589,normal,sw-wk2,0.14061458472203436,0.4445350669191718,4.466071190507932,5.999200106652447,0,0,0,0,0,{}
1772027589,normal,sw-wk3,0.12799226511969153,0.3131196587997518,0.0,0.0,0,0,0,0,0,{}
1772027599,normal,k3s-wk1,0.2733960041780552,0.5073475709655473,0.0,0.0,14,1,0,0,0,"{""process_exec"": 14, ""process_exit"": 14}"
1772027599,normal,sw-wk2,0.14061458472203436,0.4445350669191718,4.466071190507932,5.999200106652447,0,0,0,0,0,{}
1772027599,normal,sw-wk3,0.12799226511969153,0.3131196587997518,0.0,0.0,0,0,0,0,0,{}
1772027609,normal,k3s-wk1,0.2733960041780552,0.5073475709655473,0.0,0.0,8,3,0,3,0,"{""process_exec"": 8, ""process_exit"": 9, ""process_kprobe"": 3}"
1772027609,normal,sw-wk2,0.17466186954494045,0.44471808011203595,0.0,0.0,0,0,0,0,0,{}
1772027609,normal,sw-wk3,0.12799226511969153,0.3131196587997518,0.0,0.0,0,0,0,0,0,{}
1772027619,normal,k3s-wk1,0.2733960041780552,0.5073475709655473,0.0,0.0,0,0,0,0,0,{}
1772027619,normal,sw-wk2,0.17466186954494045,0.44471808011203595,0.0,0.0,0,0,0,0,0,{}
1772027619,normal,sw-wk3,0.11330377679255887,0.3131156802520808,0.0,0.0,0,0,0,0,0,{}
1772027629,normal,k3s-wk1,0.19433333333333347,0.507331779642616,0.0,0.0,0,0,0,0,0,{}
1772027629,normal,sw-wk2,0.17466186954494045,0.44471808011203595,0.0,0.0,0,0,0,0,0,{}
1772027629,normal,sw-wk3,0.11330377679255887,0.3131156802520808,0.0,0.0,0,0,0,0,0,{}
1772027639,normal,k3s-wk1,0.19433333333333347,0.507331779642616,0.0,0.0,0,0,0,0,0,{}
1772027639,normal,sw-wk2,0.15599786623991285,0.44502641755653516,0.0,0.0,0,0,0,0,0,{}
1772027639,normal,sw-wk3,0.11330377679255887,0.3131156802520808,0.0,0.0,0,0,0,0,0,{}
1772027649,normal,k3s-wk1,0.19433333333333347,0.507331779642616,0.0,0.0,10,4,3,5,0,"{""process_kprobe"": 5, ""process_exec"": 10, ""process_exit"": 8}"
1772027649,normal,sw-wk2,0.15599786623991285,0.44502641755653516,0.0,0.0,0,0,0,0,0,{}
1772027649,normal,sw-wk3,0.1856976162693761,0.3135214921145185,0.0,0.0,0,0,0,0,0,{}
1772027659,normal,k3s-wk1,0.2675909262591968,0.5104992558339069,589.3154702392856,293.87455842164906,5,3,2,0,0,"{""process_exit"": 5, ""process_exec"": 5}"
1772027659,normal,sw-wk2,0.15599786623991285,0.44502641755653516,0.0,0.0,0,0,0,0,0,{}
1772027659,normal,sw-wk3,0.1856976162693761,0.3135214921145185,0.0,0.0,0,0,0,0,0,{}
1772027669,normal,k3s-wk1,0.2675909262591968,0.5104992558339069,589.3154702392856,293.87455842164906,6,3,2,0,0,"{""process_exit"": 6, ""process_exec"": 6}"
1772027669,normal,sw-wk2,0.18016936720677745,0.4452034629278928,0.0,0.0,0,0,0,0,0,{}
1772027669,normal,sw-wk3,0.1856976162693761,0.3135214921145185,0.0,0.0,0,0,0,0,0,{}
1772027679,normal,k3s-wk1,0.2675909262591968,0.5104992558339069,589.3154702392856,293.87455842164906,6,3,2,0,0,"{""process_exit"": 6, ""process_exec"": 6}"
1772027679,normal,sw-wk2,0.18016936720677745,0.4452034629278928,0.0,0.0,0,0,0,0,0,{}
1772027679,normal,sw-wk3,0.13914347608732114,0.3147051100466286,0.0,0.0,0,0,0,0,0,{}
1772027689,normal,k3s-wk1,0.21184236847369142,0.5107584967186947,8.134960325398412,8.601720344068813,6,3,2,0,0,"{""process_exit"": 6, ""process_exec"": 6}"
1772027689,normal,sw-wk2,0.18016936720677745,0.4452034629278928,0.0,0.0,0,0,0,0,0,{}
1772027689,normal,sw-wk3,0.13914347608732114,0.3147051100466286,0.0,0.0,0,0,0,0,0,{}
1772027699,normal,k3s-wk1,0.21184236847369142,0.5107584967186947,8.134960325398412,8.601720344068813,6,3,2,0,0,"{""process_exit"": 6, ""process_exec"": 6}"
1772027699,normal,sw-wk2,0.14024735806914146,0.44563712462402727,0.0,0.0,0,0,0,0,0,{}
1772027699,normal,sw-wk3,0.13914347608732114,0.3147051100466286,0.0,0.0,0,0,0,0,0,{}
1772027709,normal,k3s-wk1,0.21184236847369142,0.5107584967186947,8.134960325398412,8.601720344068813,7,3,2,4,0,"{""process_exit"": 7, ""process_exec"": 7, ""process_kprobe"": 4}"
1772027709,normal,sw-wk2,0.14024735806914146,0.44563712462402727,0.0,0.0,0,0,0,0,0,{}
1772027709,normal,sw-wk3,0.18469744957492784,0.3181107468529688,0.0,0.0,0,0,0,0,0,{}
1772027719,normal,k3s-wk1,0.23140128803020443,0.5090898802622938,0.0,0.0,5,3,2,0,0,"{""process_exit"": 5, ""process_exec"": 5}"
1772027719,normal,sw-wk2,0.14024735806914146,0.44563712462402727,0.0,0.0,0,0,0,0,0,{}
1772027719,normal,sw-wk3,0.18469744957492784,0.3181107468529688,0.0,0.0,0,0,0,0,0,{}
1772027729,normal,k3s-wk1,0.23140128803020432,0.5090898802622938,0.0,0.0,6,3,2,1,0,"{""process_exit"": 7, ""process_exec"": 6, ""process_kprobe"": 1}"
1772027729,normal,sw-wk2,0.22031807421731386,0.4460687970463262,0.0,0.0,0,0,0,0,0,{}
1772027729,normal,sw-wk3,0.18469744957492784,0.3181107468529688,0.0,0.0,0,0,0,0,0,{}
1772027739,normal,k3s-wk1,0.23140128803020432,0.5090898802622938,0.0,0.0,6,3,2,0,0,"{""process_exec"": 6, ""process_exit"": 5}"
1772027739,normal,sw-wk2,0.22031807421731386,0.4460687970463262,0.0,0.0,0,0,0,0,0,{}
1772027739,normal,sw-wk3,0.12016666666666731,0.31822612473542655,0.0,0.0,0,0,0,0,0,{}
1772027749,normal,k3s-wk1,0.20813875917278146,0.5091293585696219,172.3148765843896,86.42428285523681,6,3,2,0,0,"{""process_exit"": 6, ""process_exec"": 6}"
1772027749,normal,sw-wk2,0.22031807421731386,0.4460687970463262,0.0,0.0,0,0,0,0,0,{}
1772027749,normal,sw-wk3,0.12016666666666731,0.31822612473542655,0.0,0.0,0,0,0,0,0,{}
1772027759,normal,k3s-wk1,0.20813875917278146,0.5091293585696219,172.3148765843896,86.42428285523683,6,3,2,0,0,"{""process_exit"": 6, ""process_exec"": 6}"
1772027759,normal,sw-wk2,0.14339044063728934,0.4462577780606968,0.0,0.0,0,0,0,0,0,{}
1772027759,normal,sw-wk3,0.12016666666666731,0.31822612473542655,0.0,0.0,0,0,0,0,0,{}
1772027769,normal,k3s-wk1,0.20813875917278146,0.5091293585696219,172.3148765843896,86.42428285523683,7,3,2,4,0,"{""process_exit"": 7, ""process_exec"": 7, ""process_kprobe"": 4}"
1772027769,normal,sw-wk2,0.14339044063728934,0.4462577780606968,0.0,0.0,0,0,0,0,0,{}
1772027769,normal,sw-wk3,0.16333399986669261,0.3181982749017299,0.0,0.0,0,0,0,0,0,{}
1772027779,normal,k3s-wk1,0.2508888888888855,0.5058710822714765,2.0,2.0,5,3,2,0,0,"{""process_exit"": 5, ""process_exec"": 5}"
1772027779,normal,sw-wk2,0.14339044063728934,0.4462577780606968,0.0,0.0,0,0,0,0,0,{}
1772027779,normal,sw-wk3,0.16333399986669261,0.3181982749017299,0.0,0.0,0,0,0,0,0,{}
1772027789,normal,k3s-wk1,0.2508888888888855,0.5058710822714765,2.0,2.0,4,3,1,0,0,"{""process_exit"": 5, ""process_exec"": 4}"
1772027789,normal,sw-wk2,0.25211680778719137,0.4472345115139169,0.0,0.0,0,0,0,0,0,{}
1772027789,normal,sw-wk3,0.16333399986669261,0.3181982749017299,0.0,0.0,0,0,0,0,0,{}
1772027799,normal,k3s-wk1,0.2508888888888855,0.5058710822714765,2.0,2.0,0,0,0,0,0,{}
1772027799,normal,sw-wk2,0.25211680778719137,0.4472345115139169,0.0,0.0,0,0,0,0,0,{}
1772027799,normal,sw-wk3,0.2080082683203308,0.3194395817750688,599.9533239981329,306.22791224911646,0,0,0,0,0,{}
1772027809,normal,k3s-wk1,0.24566666666666803,0.4991097641697515,8.6,10.0,0,0,0,0,0,{}
1772027809,normal,sw-wk2,0.25211680778719137,0.4472345115139169,0.0,0.0,0,0,0,0,0,{}
1772027809,normal,sw-wk3,0.20800826832033092,0.3194395817750688,599.9533239981329,306.22791224911646,0,0,0,0,0,{}
1772027819,normal,k3s-wk1,0.24566666666666803,0.4991097641697515,8.6,10.0,0,0,0,0,0,{}
1772027819,normal,sw-wk2,0.155166666666662,0.4471509620128269,0.0,0.0,0,0,0,0,0,{}
1772027819,normal,sw-wk3,0.20800826832033092,0.3194395817750688,599.9533239981329,306.22791224911646,0,0,0,0,0,{}
1772027829,normal,k3s-wk1,0.24566666666666803,0.4991097641697515,8.6,10.0,66,4,0,0,0,"{""process_exit"": 65, ""process_exec"": 66}"
1772027829,normal,sw-wk2,0.155166666666662,0.4471509620128269,0.0,0.0,0,0,0,0,0,{}
1772027829,normal,sw-wk3,0.28183333333333094,0.3201616881773477,6.0,6.600000000000001,0,0,0,0,0,{}
1772027839,normal,k3s-wk1,0.2919999999999997,0.5062540218525591,6.0,6.6,39,3,0,1,0,"{""process_exit"": 41, ""process_exec"": 39, ""process_kprobe"": 1}"
1772027839,normal,sw-wk2,0.155166666666662,0.4471509620128269,0.0,0.0,0,0,0,0,0,{}
1772027839,normal,sw-wk3,0.28183333333333094,0.3201616881773477,6.0,6.6,0,0,0,0,0,{}
1772027849,normal,k3s-wk1,0.2919999999999997,0.5062540218525591,6.0,6.6,0,0,0,0,0,{}
1772027849,normal,sw-wk2,0.1852481418524835,0.44710918726228177,0.0,0.0,0,0,0,0,0,{}
1772027849,normal,sw-wk3,0.28183333333333094,0.3201616881773477,6.0,6.6,0,0,0,0,0,{}
1772027859,normal,k3s-wk1,0.2919999999999997,0.5062540218525591,6.0,6.6,0,0,0,0,0,{}
1772027859,normal,sw-wk2,0.1852481418524835,0.44710918726228177,0.0,0.0,0,0,0,0,0,{}
1772027859,normal,sw-wk3,0.24433333333333462,0.32839927113006673,4.466666666666667,6.0,0,0,0,0,0,{}
1772027869,normal,k3s-wk1,0.20644444444444365,0.5063882480974746,0.0,0.0,0,0,0,0,0,{}
1772027869,normal,sw-wk2,0.1852481418524835,0.44710918726228177,0.0,0.0,0,0,0,0,0,{}
1772027869,normal,sw-wk3,0.24433333333333462,0.32839927113006673,4.466666666666667,6.0,0,0,0,0,0,{}
1772027879,normal,k3s-wk1,0.20644444444444365,0.5063882480974746,0.0,0.0,0,0,0,0,0,{}
1772027879,normal,sw-wk2,0.15586147128428918,0.4471509620128269,0.0,0.0,0,0,0,0,0,{}
1772027879,normal,sw-wk3,0.24433333333333462,0.32839927113006673,4.466666666666667,6.0,0,0,0,0,0,{}
1772027889,normal,k3s-wk1,0.20644444444444365,0.5063882480974746,0.0,0.0,100,4,0,7,0,"{""process_kprobe"": 7, ""process_exec"": 100, ""process_exit"": 98}"
1772027889,normal,sw-wk2,0.15586147128428918,0.4471509620128269,0.0,0.0,0,0,0,0,0,{}
1772027889,normal,sw-wk3,0.24284333655480284,0.3380552063274822,0.0,0.0,0,0,0,0,0,{}
1772027899,normal,k3s-wk1,0.2769370930826842,0.5068238254216613,5.1329911339244045,4.999666688887407,5,3,0,0,0,"{""process_exit"": 6, ""process_exec"": 5}"
1772027899,normal,sw-wk2,0.15586147128428918,0.4471509620128269,0.0,0.0,0,0,0,0,0,{}
1772027899,normal,sw-wk3,0.24284333655480306,0.3380552063274822,0.0,0.0,0,0,0,0,0,{}
1772027909,normal,k3s-wk1,0.2769370930826842,0.5068238254216613,5.1329911339244045,4.999666688887407,0,0,0,0,0,{}
1772027909,normal,sw-wk2,0.18688349773393842,0.44731408246733617,0.0,0.0,0,0,0,0,0,{}
1772027909,normal,sw-wk3,0.24284333655480306,0.3380552063274822,0.0,0.0,0,0,0,0,0,{}
1772027919,normal,k3s-wk1,0.2769370930826842,0.5068238254216613,5.1329911339244045,4.999666688887407,0,0,0,0,0,{}
1772027919,normal,sw-wk2,0.18688349773393842,0.44731408246733617,0.0,0.0,0,0,0,0,0,{}
1772027919,normal,sw-wk3,0.24465708665355335,0.34169955599408,0.0,0.0,0,0,0,0,0,{}
1772027929,normal,k3s-wk1,0.2055348258706471,0.5037997870803291,0.0,0.0,0,0,0,0,0,{}
1772027929,normal,sw-wk2,0.18688349773393842,0.44731408246733617,0.0,0.0,0,0,0,0,0,{}
1772027929,normal,sw-wk3,0.24465708665355335,0.34169955599408,0.0,0.0,0,0,0,0,0,{}
1772027939,normal,k3s-wk1,0.2055348258706471,0.5037997870803291,0.0,0.0,0,0,0,0,0,{}
1772027939,normal,sw-wk2,0.13799999999999957,0.4484758183872559,4.466666666666667,6.0,0,0,0,0,0,{}
1772027939,normal,sw-wk3,0.24465708665355335,0.34169955599408,0.0,0.0,0,0,0,0,0,{}
1772027949,normal,k3s-wk1,0.2055348258706471,0.5037997870803291,0.0,0.0,2,2,0,5,0,"{""process_exit"": 1, ""process_kprobe"": 5, ""process_exec"": 2}"
1772027949,normal,sw-wk2,0.13799999999999957,0.4484758183872559,4.466666666666667,6.0,0,0,0,0,0,{}
1772027949,normal,sw-wk3,0.3451666666666673,0.34596058054967616,0.0,0.0,0,0,0,0,0,{}
1772027959,normal,k3s-wk1,0.3050137263401246,0.5120494373683234,62678.95690040345,3203.8945016838384,0,0,0,0,0,{}
1772027959,normal,sw-wk2,0.13799999999999957,0.4484758183872559,4.466666666666667,6.0,0,0,0,0,0,{}
1772027959,normal,sw-wk3,0.3451666666666673,0.34596058054967616,0.0,0.0,0,0,0,0,0,{}
1772027969,normal,k3s-wk1,0.3050137263401246,0.5120494373683234,79768.79385482312,3203.8945016838384,5,4,0,3,2,"{""process_exec"": 5, ""process_exit"": 6, ""process_kprobe"": 3}"
1772027969,normal,sw-wk2,0.20336722787131256,0.44716488692967515,0.0,0.0,0,0,0,0,0,{}
1772027969,normal,sw-wk3,0.3451666666666673,0.34596058054967616,0.0,0.0,0,0,0,0,0,{}
1772027979,normal,k3s-wk1,0.3050137263401246,0.5120494373683234,96670.23356006801,3203.8945016838384,3,2,0,2,2,"{""process_exec"": 3, ""process_exit"": 2, ""process_kprobe"": 2}"
1772027979,normal,sw-wk2,0.20336722787131256,0.44716488692967515,0.0,0.0,0,0,0,0,0,{}
1772027979,normal,sw-wk3,0.1495000000000004,0.3454155195187548,0.0,0.0,0,0,0,0,0,{}
1772027989,normal,k3s-wk1,0.21276382914874292,0.5099662986849776,88710.67987062785,2121.4030875929443,1,1,0,1,0,"{""process_exit"": 1, ""process_exec"": 1, ""process_kprobe"": 1}"
1772027989,normal,sw-wk2,0.20336722787131256,0.44716488692967515,0.0,0.0,0,0,0,0,0,{}
1772027989,normal,sw-wk3,0.1495000000000004,0.3454155195187548,0.0,0.0,0,0,0,0,0,{}
1772027999,normal,k3s-wk1,0.21276382914874292,0.5099662986849776,88710.67987062785,2121.4030875929443,5,3,0,3,2,"{""process_exit"": 5, ""process_exec"": 5, ""process_kprobe"": 3}"
1772027999,normal,sw-wk2,0.13174650798412935,0.4470375734042046,0.0,0.0,0,0,0,0,0,{}
1772027999,normal,sw-wk3,0.1495000000000004,0.3454155195187548,0.0,0.0,0,0,0,0,0,{}
1772028009,normal,k3s-wk1,0.21276382914874292,0.5099662986849776,88710.67987062785,2121.4030875929443,2,1,0,5,1,"{""process_kprobe"": 5, ""process_exit"": 2, ""process_exec"": 2}"
1772028009,normal,sw-wk2,0.13174650798412935,0.4470375734042046,0.0,0.0,0,0,0,0,0,{}
1772028009,normal,sw-wk3,0.1823239389699527,0.34192036538981807,5.130255180225198,4.997001798920648,0,0,0,0,0,{}
1772028019,normal,k3s-wk1,0.22722222222222532,0.5104939920595964,56.0,49.666666666666664,1,1,0,2,1,"{""process_kprobe"": 2, ""process_exit"": 1, ""process_exec"": 1}"
1772028019,normal,sw-wk2,0.13174650798412935,0.4470375734042046,0.0,0.0,0,0,0,0,0,{}
1772028019,normal,sw-wk3,0.1823239389699527,0.34192036538981807,5.130255180225198,4.997001798920648,0,0,0,0,0,{}
1772028029,normal,k3s-wk1,0.22722222222222532,0.5104939920595964,56.0,49.666666666666664,5,3,0,3,2,"{""process_exit"": 5, ""process_exec"": 5, ""process_kprobe"": 3}"
1772028029,normal,sw-wk2,0.20372716362181653,0.4478392507599026,0.0,0.0,0,0,0,0,0,{}
1772028029,normal,sw-wk3,0.1823239389699527,0.34192036538981807,5.130255180225198,4.997001798920648,0,0,0,0,0,{}
1772028039,normal,k3s-wk1,0.22722222222222532,0.5104939920595964,56.0,49.666666666666664,4,3,0,3,2,"{""process_exit"": 4, ""process_exec"": 4, ""process_kprobe"": 3}"
1772028039,normal,sw-wk2,0.20372716362181653,0.4478392507599026,0.0,0.0,0,0,0,0,0,{}
1772028039,normal,sw-wk3,0.12680941898472198,0.3419163868421471,0.0,0.0,0,0,0,0,0,{}
1772028049,normal,k3s-wk1,0.2109677921096781,0.5097702230919148,53.994600539946006,49.66170049661701,1,1,0,1,1,"{""process_exit"": 1, ""process_exec"": 1, ""process_kprobe"": 1}"
1772028049,normal,sw-wk2,0.20372716362181653,0.4478392507599026,0.0,0.0,0,0,0,0,0,{}
1772028049,normal,sw-wk3,0.12680941898472198,0.3419163868421471,0.0,0.0,0,0,0,0,0,{}
1772028059,normal,k3s-wk1,0.2109677921096781,0.5097702230919148,53.994600539946006,49.66170049661701,3,3,0,2,1,"{""process_exit"": 3, ""process_exec"": 3, ""process_kprobe"": 2}"
1772028059,normal,sw-wk2,0.1475644699140426,0.44771392650826747,0.0,0.0,0,0,0,0,0,{}
1772028059,normal,sw-wk3,0.12680941898472198,0.3419163868421471,0.0,0.0,0,0,0,0,0,{}
1772028069,normal,k3s-wk1,0.2109677921096781,0.5097702230919148,53.994600539946006,49.66170049661701,3,2,0,7,2,"{""process_exit"": 4, ""process_exec"": 3, ""process_kprobe"": 7}"
1772028069,normal,sw-wk2,0.1475644699140426,0.44771392650826747,0.0,0.0,0,0,0,0,0,{}
1772028069,normal,sw-wk3,0.17505331911490285,0.3427777424129096,0.0,0.0,0,0,0,0,0,{}
1772028079,normal,k3s-wk1,0.2580247325089169,0.5089385467508696,53.99820005999799,49.66501116629445,3,2,0,2,2,"{""process_exec"": 3, ""process_exit"": 2, ""process_kprobe"": 2}"
1772028079,normal,sw-wk2,0.1475644699140426,0.44771392650826747,0.0,0.0,0,0,0,0,0,{}
1772028079,normal,sw-wk3,0.17505331911490285,0.3427777424129096,0.0,0.0,0,0,0,0,0,{}
1772028089,normal,k3s-wk1,0.2580247325089169,0.5089385467508696,53.99820005999799,49.66501116629445,2,2,0,1,0,"{""process_exit"": 3, ""process_exec"": 2, ""process_kprobe"": 1}"
1772028089,normal,sw-wk2,0.1759194424994155,0.44316843579419773,5.134873795471974,5.00150045013504,0,0,0,0,0,{}
1772028089,normal,sw-wk3,0.17505331911490285,0.3427777424129096,0.0,0.0,0,0,0,0,0,{}
1772028099,normal,k3s-wk1,0.2580247325089169,0.5089385467508696,53.99820005999799,49.66501116629445,0,0,0,0,0,{}
1772028099,normal,sw-wk2,0.1759194424994155,0.44316843579419773,5.134873795471974,5.00150045013504,0,0,0,0,0,{}
1772028099,normal,sw-wk3,0.14077087223259588,0.3428692490093417,0.0,0.0,0,0,0,0,0,{}
1772028109,normal,k3s-wk1,0.2531226385740317,0.5096109939190248,31.004133884517934,24.836644885984796,0,0,0,0,0,{}
1772028109,normal,sw-wk2,0.1759194424994155,0.44316843579419773,5.134873795471974,5.00150045013504,0,0,0,0,0,{}
1772028109,normal,sw-wk3,0.14077087223259588,0.3428692490093417,0.0,0.0,0,0,0,0,0,{}
1772028119,normal,k3s-wk1,0.2531226385740317,0.5096109939190248,31.004133884517934,24.836644885984796,0,0,0,0,0,{}
1772028119,normal,sw-wk2,0.1895315885980977,0.44960970447347903,0.0,0.0,0,0,0,0,0,{}
1772028119,normal,sw-wk3,0.14077087223259588,0.3428692490093417,0.0,0.0,0,0,0,0,0,{}
1772028129,normal,k3s-wk1,0.2531226385740317,0.5096109939190248,31.004133884517934,24.836644885984796,47,4,0,0,0,"{""process_exit"": 46, ""process_exec"": 47}"
1772028129,normal,sw-wk2,0.1895315885980977,0.44960970447347903,0.0,0.0,0,0,0,0,0,{}
1772028129,normal,sw-wk3,0.12066666666666315,0.3429726912487865,0.0,0.0,0,0,0,0,0,{}
1772028139,normal,k3s-wk1,0.29122923957118074,0.5081516124914628,0.0,0.0,19,1,0,0,0,"{""process_exit"": 20, ""process_exec"": 19}"
1772028139,normal,sw-wk2,0.1895315885980977,0.44960970447347903,0.0,0.0,0,0,0,0,0,{}
1772028139,normal,sw-wk3,0.12066666666666315,0.3429726912487865,0.0,0.0,0,0,0,0,0,{}
1772028149,normal,k3s-wk1,0.2912292395711805,0.5081516124914628,0.0,0.0,39,3,0,2,0,"{""process_exec"": 39, ""process_exit"": 40, ""process_kprobe"": 2}"
1772028149,normal,sw-wk2,0.1758571285776197,0.45078536531024715,0.0,0.0,0,0,0,0,0,{}
1772028149,normal,sw-wk3,0.12066666666666315,0.3429726912487865,0.0,0.0,0,0,0,0,0,{}
1772028159,normal,k3s-wk1,0.2912292395711805,0.5081516124914628,0.0,0.0,0,0,0,0,0,{}
1772028159,normal,sw-wk2,0.1758571285776197,0.45078536531024715,0.0,0.0,0,0,0,0,0,{}
1772028159,normal,sw-wk3,0.1332378223495705,0.3429667234272801,0.0,0.0,0,0,0,0,0,{}
1772028169,normal,k3s-wk1,0.20464521864755314,0.5082016183474117,0.0,0.0,0,0,0,0,0,{}
1772028169,normal,sw-wk2,0.1758571285776197,0.45078536531024715,0.0,0.0,0,0,0,0,0,{}
1772028169,normal,sw-wk3,0.1332378223495705,0.3429667234272801,0.0,0.0,0,0,0,0,0,{}
1772028179,normal,k3s-wk1,0.20464521864755314,0.5082016183474117,0.0,0.0,0,0,0,0,0,{}
1772028179,normal,sw-wk2,0.1392814291427794,0.451228973375559,0.0,0.0,0,0,0,0,0,{}
1772028179,normal,sw-wk3,0.1332378223495705,0.3429667234272801,0.0,0.0,0,0,0,0,0,{}
1772028189,normal,k3s-wk1,0.20464521864755314,0.5082016183474117,0.0,0.0,84,4,0,2,0,"{""process_kprobe"": 2, ""process_exec"": 84, ""process_exit"": 83}"
1772028189,normal,sw-wk2,0.1392814291427794,0.451228973375559,0.0,0.0,0,0,0,0,0,{}
1772028189,normal,sw-wk3,0.20964891808088792,0.34554482231806105,0.0,0.0,0,0,0,0,0,{}
1772028199,normal,k3s-wk1,0.2336321923363217,0.5125468640406574,0.0,0.0,21,3,0,2,0,"{""process_exec"": 21, ""process_exit"": 22, ""process_kprobe"": 2}"
1772028199,normal,sw-wk2,0.1392814291427794,0.451228973375559,0.0,0.0,0,0,0,0,0,{}
1772028199,normal,sw-wk3,0.20964891808088792,0.34554482231806105,0.0,0.0,0,0,0,0,0,{}
1772028209,normal,k3s-wk1,0.2336321923363217,0.5125468640406574,0.0,0.0,0,0,0,0,0,{}
1772028209,normal,sw-wk2,0.17586632425040727,0.4530431911135159,0.0,0.0,0,0,0,0,0,{}
1772028209,normal,sw-wk3,0.20964891808088792,0.34554482231806105,0.0,0.0,0,0,0,0,0,{}
1772028219,normal,k3s-wk1,0.2336321923363217,0.5125468640406574,0.0,0.0,0,0,0,0,0,{}
1772028219,normal,sw-wk2,0.17586632425040727,0.4530431911135159,0.0,0.0,0,0,0,0,0,{}
1772028219,normal,sw-wk3,0.15196879271830277,0.3455368652227191,0.0,0.0,0,0,0,0,0,{}
1772028229,normal,k3s-wk1,0.21910218402673776,0.5130140240107065,4.463542187135673,5.99580293794344,0,0,0,0,0,{}
1772028229,normal,sw-wk2,0.17586632425040727,0.4530431911135159,0.0,0.0,0,0,0,0,0,{}
1772028229,normal,sw-wk3,0.15196879271830277,0.3455368652227191,0.0,0.0,0,0,0,0,0,{}
1772028239,normal,k3s-wk1,0.21910218402673776,0.5130140240107065,4.463542187135672,5.99580293794344,0,0,0,0,0,{}
1772028239,normal,sw-wk2,0.14866666666666783,0.45346690644047294,0.0,0.0,0,0,0,0,0,{}
1772028239,normal,sw-wk3,0.15196879271830277,0.3455368652227191,0.0,0.0,0,0,0,0,0,{}
